GEFCO STRATEGIE ET FINANCE;77 - 81, Des Lilas d'Espagne;92402;Courbevoie;1;6;1062
CEGID;52, quai Paul Sédaillan;69279;LYON Cedex 9;1;6;1318
TOTAL E&P CONGO;;;;72;3;2829
APIS;12, cité des SourcesN°47, rue Khoudjet el Djeld;;BIR MOURAD RAIS ALGER   ALGERIE;13;14;2760
SONANGOL P&P;Torres AtlanticoAvenida 4 de Fevereiro, N°197 Marginal;;Luanda;35;3;2771
TOTAL E&P ANGOLA;R. Rainha Ginga;;LUANDA;35;14;2649
ADENCO N.V.;Generaal de Wittelaan L7b;B-2800;Mechelen;2;8;14
AJK NV;"Industriegebied ""Kettingbrug""Kettingbrugweg 38";B-3950;Bocholt;2;8;19
ALIDOR CLAEYS NV;Ruddervoortsestraat 38;B-8210;Zedelgem;2;8;22
ANGLO BELGIAN CORPORATION NV;Wiedauwkaai 43;B-9000;Gent;2;8;35
ANL PLASTICS NV;Hertenstraat 32;B-3830;Wellen;2;8;37
BOMBARDIER TRANSPORT NV;Vaartdijkstraat, 5;B-8000;Brugge;2;8;110
BOSAL BENELUX NV;Nijverheidsstraat 12;B-2260;Oevel;2;8;113
BOSCH NV;;B-3900;Tienen;2;8;115
CASE NEW HOLLAND NV * CNH;Leon Claeysstraat 3 A;B-8210;Zedelgem;2;8;143
CORNELIS PLASTICS NV;Industrieweg 12;B-2850;Boom;2;8;212
CORUS ALUMINIUM NV;A. Stocletlaan 87;B-2570;Duffel;2;8;214
DAF TRUCK NV;Van Doornelaan 1;B-2260;Westerlo;2;8;222
DEFAWES N .V.;Industrieweg 112-114;B-9032;Wondelgem;2;8;239
DOVRE NV;Nijverheidsstraat 18;B-2380;Ravels - Weelt;2;8;257
FORD MOTOR COMPANY;Henry Fordlaan 8;B-3600;Genk;2;8;352
HMZ NV;Schurhovenveld;B-3800;Sint-Truiden;2;8;438
KALMAR BELGIUM NV/SA;;B-2030;Antwerpen;2;8;485
M.C. WATTEEUW N.V.;Kampveldstraat 51;B-8020;Oostkamp;2;8;530
MGG-ANTWERPEN;Lage Weg 390;B-2660;Hoboken;2;8;599
NV BEKAERT SA;Bekaertstraat 2;B-8550;Zwevegem;2;8;646
OMCO INTERNATIONAL NV;IndustrieparkVenecolaan 10;B-9880;Aalter;2;8;656
ROPA NV;Kasteelstraat 37;B-8980;Geluveld;2;8;765
SCANIA PARTS LOGISTICS NV;Bedrijfsstraat 1208;B-3660;Opglabbeek;2;8;792
TOWER AUTOMOTIVE NV;Belgicastraat 5;B-9000;Gent;2;8;948
TWINPLAST NV;Wolvenstraat 14;B-2861;O.L.Vr. Waver;2;8;965
TYCO ELECTRONICS BELGIUM NV;Siemenslaan 14;B-8020;Oostkamp;2;8;967
VAN DER WIELE NV;Michel Vanderwielestraat 7;B-8760;Marke (Kortrijk);2;8;991
VAN LEEUWEN BUIZEN BELGIE;Scharbeeklei 189;B-1800;Vilvoorde;2;8;997
VITALO NV;Bruggesteenweg 7;B-9041;Meulebeke;2;8;1019
VOLVO PARTS GENT;Smalleheerweg 29;B-9041;Oostakker;2;8;1024
IPB N.V.;Steenovenstraat 30;B-8790;Waregem;2;8;1106
ALLARD EUROPE NV;Veedijk 51;B-2300;Turnhout;2;8;1159
COOLS PARTS NV;Remi Claeysstraat 29;B-8210;Zedelgem;2;8;1160
VARIAPACK;Wijgmaalsesteenweg 6;B-3012;Wilsele;2;8;1166
SCANIA PARTS LOGISTICS;Bedrijfsstraat 1208;B-3660;Opglabbeek;2;8;1167
ADVANCED LABEL TECHNOLOGIES;Bergensesteenweg - 423ATA Businesspark - Gebouw 6;B-1600;Sint-Pieters-Leeuw;2;8;1198
ALLIED LABEL TECHNOLOGIES;Bergensesteenweg - 423ATA Businesspark - Gebouw 6;B-1600;Sint-Pieters-Leeuw;2;8;1225
TOYOTA MOTOR EUROPE NV/SA;Toyota Parts Centre EuropeIndustrieterrein 11;B-3290;Diest;2;8;1293
AURUBIS BELGIUM NV/SA;Watertorenstraat, 35;B-2250;Olen;2;8;1295
TENNECO NV;Avenue du Bourgetlaan 50;B-1130;Brussel;2;8;1321
MALMAR NV;Eddastraat 41;B-9042;Gent;2;8;1344
CASE NEW HOLLAND NV * CNH;Wilmarsdonksteenweg 32;B-2030;Antwerpen;2;8;1366
EXMAR OFFSHORE SERVICES;;;;2;8;1376
VOESTALPINE SADEF NV;Bruggesteenweg 60;8830;Gits;2;8;1475
DEFENSIE LA DÉFENSE;Kwartier Koningin ElisabethEvertsestraat 1;B-1140;Evere;2;8;1648
VDC ROESELARE NV;Rumbeeksesteenweg 279;8800;Roeselare;2;8;1662
FORMDRILL;Hospitaalstraat, 103;B-3582;BERINGEN;2;8;1757
CPI CONSULTING;;;;2;8;1828
SURFACE TTREATMENT COMPANY NV;Industriezone Schurhovenveld 4077;3800;Sint-Truiden;2;8;1835
AC-ATEL ELECTRONICS;Place Thomas Balis 3;B-1160;BRUSSELS;2;8;2042
FLIDAR;Esplanadestraat 1,;8400;Ooestende;2;8;2359
YMA FE COATINGS NV;Meiveldlaan 1133;3800;Sint Truiden;2;8;2436
AROP VZW;Dynamicalaan 9;2610;WILRIJK;2;8;2621
HTMS NV;Blarenberglaan 5;2800;Mechelen;2;8;2669
SAPA PRECISION TUBING LICHTERVELDE NV;;;;2;8;2822
CONTINENTAL CORPORTATION;Chassis and Safety, plant MechelenGeneraal De Wittelaan 5;2800;Mechelen;2;8;2848
TPL TRANSPORT & PROJECT LOGISTICS;Hovesteenweg 13;2530;Boechout;2;8;2891
AUDI BRUSSEL NV;;B-1190;FOREST;2;17;76
DUFERCO CLABECQ NV;Rue de Clabecq 101;B-1440;Ittre;2;17;262
NMC SA;Rovert 10;B-4370;Raeren/Eynatten;2;17;633
BROWNING CUSTOM SHOP;Voie de Liège, 33;B-4040;HERSTAL;2;17;1210
FORGES DE COURCELLES SITE DE COURCELLES *MECA STAMP;50, rue du Progrès;B-6180;COURCELLES;2;17;1244
INSTITUT BELGE DE L'EMBALLAGE SPRL;Z.I. Research Park 280;B-1731;Zellik;2;17;1378
DOOSAN INFRACORE EUROPE;Rue Achille Degrace, 1A;B-7080;FRAMERIES;2;17;1526
SOLAR TURBINES EUROPE;rue des Etats-Unis, 1;B-6041;GOSSELIES;2;17;1527
CAPAUL SA;Industriestrasse, 39;B-4700;EUPEN;2;17;1553
VERVLOET;rue de la Borne, 78;1080;BRUXELLES (Molenbeek-St-Jean);2;17;1574
T.D. WILLIAMSON * WILLIAMSON;rue du Travail, 6;B-1400;NIVELLES;2;17;1647
METAL SERVICE INTERNATIONAL;rue Bernifalouche, 8;B-6832;SENSENRUTH (BOUILLON);2;17;1764
ENDECO;rue de Bruxelles, 355;B-1480;TUBIZE;2;17;1780
DELTA SERVICES INDUSTRIELS * DSI * D.S.I.;Rue du Mont d'Orcq, 3;B-7503;FROYENNES;2;17;1976
FONDERIE FALLAIS;chaussée de Waremme, 123;B-4530;VILLERS-LE-BOUILLET;2;17;2187
SONACA;Route Nationale 5;6041;GOSSELIES;2;17;2233
MUSTAD SA;Industriestrasse,30;B-4070;EUPEN;2;17;2240
ARCELOR MITTAL RINGMILL;Zone Industrielle CMI - SERAINGavenue Greinier, 1;B-4100;SERAING;2;17;2448
FILAME BRUSSELS SA;Z.I. NIVELLES NORDavenue Robert SCHUMAN, 85;B-1400;NIVELLES;2;17;2546
ALPHA-PRIME SA;Bld du Général Wahis, 20;B-1030;BRUXELLES;2;17;2748
OVERDRIVE RACING;rue de l'Industrie, 1;B-4530;VILLERS-LE-BOUILLET;2;17;2775
SAG INDUSTRIES;rue de Fontenoille, 17;B-6820;SAINTE-CECILE;2;17;2798
FN CARTOUCHERIE HERSTAL;Voie de Liège, 33;B-4040;HERSTAL;2;17;2834
ROXELL NV;Industrielaan 13;B-9990;Maldegem;2;14;1474
CATERPILLAR BELGIUM SITE DE GRIMBERGEN;;;GRIMBERGEN;2;14;1481
REYNAERS ALIMUNIUM NV;Oude Liersebaan 266;B-2570;DUFFEL;2;14;1516
ROBBERECHTS BV;Slachthuisstraat 21;B-2300;Turnhout;2;14;1886
GERCOPACK SPRL;rue Provinciale, 62;1301;BIERGES;2;14;2126
VOM VZW;Kapeldreef 60;3001;Leuven;2;14;2165
ZF WIND POWER ANTWERP (GENT);Ottergemsesteenweg 439;9000;Gent;2;14;2200
SOFEL NV;Klein Frankrijk 10;9600;Ronse;2;14;2203
BUYSE DECOLLETAGE NV;Venecolaan 11-13;9880;Aalter;2;14;2206
XEIKON PREPRESS NV;Oostkaai 50;8900;Ieper;2;14;2211
VERWATER BELGIUM;;;;2;14;2275
BOREALIS KALLO NV;Haven 1568Sint-Jansweg 2;9130;Kallo-Kieldrecht;2;14;2294
VAN HOOL NV;Bernard Van Hoolstraat 58;2500;Lier;2;14;2300
BOART LONGYEAR;;;;2;14;2317
CAST IRON NV;Dennenlaan 11;2345;Beerse;2;14;2320
DISTRIPACKAGING / SERVIBOX;Spoorwegbaan 20;1742;Ternat;2;14;2335
BNR PRODUCTS;Beukenhoflaan 7;2400;MOL;2;14;2340
GELDOF NV;Broelstraat 20;8530;Harelbeke;2;14;2373
INVENS CONSTRUCTION NV;Noorderlaan 710;2040;Antwerpen;2;14;2374
INALCO NV;Dijkstraat 23;9160;Lokeren;2;14;2375
DEWULF GROUP NV;Moorseelsesteenweg 20;8800;Roeselare;2;14;2381
THERMO-CLEAN NV;Dellestraat 45;3550;Heusden-Zolder;2;14;2394
MAINTENANCE & GEARS HEYVAERT;Rittwegerlaan 2B;2030;Antwerpen;2;14;2395
ROGERS CORPORATION;Afrikalaan 188;9000;Gent;2;14;2438
METALOGIC;;;;2;14;2478
DONALDSON FILTRATION SOLUTIONS;Research Park Building Nº 1303Interleuvenlaan 1;3001;Leuven;2;14;2506
CUMMINS GLOBAL LOGISTICS RUMST;;;Rumst;2;14;2552
STS SOLUTIONS;Moenstraat, 5;8554;ZWEVEGEM;2;14;2593
STEWO-CONSTRUCT;Heernisse 3;8600;DIKSMUIDE;2;14;2626
VANDEWIELE NV;;;Marke;2;14;2697
CULOBEL NV;Heekestraat 16;9308;Hofstade;2;14;2803
FLUXYS BELGIUM;Station de Compression de Berneaurue Male Voye;4607;BERNEAU;2;14;2833
PEDEO NV;Westerring 25;9700;Oudenaarde;2;14;2956
METAL QUARTZ;rue Verte Reine 15;7600;PERUWELTZ;2;14;3029
CATERPILLAR DISTRIBUTION SERVICES EUROPE BVB;Humbeeksesteenweg 98;1850;Grimbergen;2;14;3030
POLY PACKAGING SOLUTIONS BVBA;Spoorwegstraat 59;8530;Harelbeke;2;14;3094
BNL_MACHINES NV;Bleyveldstraat 16;3320;Hoegaarden;2;14;3113
PANORAMA HELICOPTÈRES;360, chemin de l'Aéroport;G8B5V2;ALMA;14;6;2071
HELI-INTER;6500 Chemin de la Savane;J3Y 8Y9;St-Hubert Qc.;14;13;1940
VECTOR AEROSPACE HELICOPTER SERVICES;4551 Agar DriveRICHMOND;BC;V7B1A4;14;13;2156
PICANOL TEXTILE MACHINERY CO. LTD.;FengTing Avenue/Songzhuang RoadSuzhou Industrial Park;215122;Suzhou;9;14;1176
PRIMEPRO;;;;9;14;1227
SAINT JEAN INDUSTRIE DOO.  SITE CROATIE;Mile Budaka 1;HR - 35000;Slavonski Brod;76;12;1884
VALEO ZARAGOZA THERMIC;N-232   km 8,9MONZALBARBA;50120;ZARAGOZA;4;12;3031
LFA SITE DE SEVILLE;ZI de Guillena;41210;Guillena Séville;4;14;3013
SIDEO;10 Grande Rue;25150;VERMONDANS;1;6;2048
PCA SEVEL NORD;;;SEVEL NORD;1;6;2128
TELEPHONIE DU PILAT;36 Rue du Mont;42100_;SAINT ETIENNE;1;6;2171
NETWORK D CORPORATION;;;;1;8;2176
MITSUBISHI ENGINES ALSACE (MEA) * MEA;1, rue de la Fonderie;68052;Mulhouse Cedex 01;1;12;1094
BOUCARD EMBALLAGES;rue de l'Europe;49280;LA SEGUINIERE - ST LEGER SOUS CHOLET;1;12;1095
GKN DRIVELINE SITE D'ARNAGE;15, rue Maurice Trintignant;72236;ARNAGE;1;12;1174
LISI AEROSPACE VILLEFRANCHE * BLANC AÉRO;18 RUE JEAN VAURS;12200;VILLEFRANCHE DE ROUERGUE;1;12;1361
MICHELIN SITE DE CLERMONT FERRAND;;63040;Clermont Ferrand;1;12;1399
PONTICELLI SERVICE MATERIEL CENTRAL;30 Chemin des patureaux;49400;Saint-Lambert des levées;1;12;1442
SLD - RIVA GROUP;Zone portuaire;76490;SAINT WANDRILLE;1;12;1493
DIESELEC DUVELEY;ZI de Corsac;43700;BRIVES CHARENSAC;1;12;1660
COBALCO * BBA EMBALLAGES SITE STE MARGUERITE *LEOPACK;362, Chemin des Grandes HyèresZ.I. de Paituotes;88100;SAINTE MARGUERITE;1;12;1691
EMCO FRANCE SITE DE DUTTLENHEIM;7, rue Ampère;67120;DUTTLENHEIM;1;12;1789
RIPACK SUPPLIES;RIPACK SEFMAT7 Rue de Betnoms;33185;Le Haillan;1;12;1807
OREXAD SITE DE COMPIEGNE;;60;;1;12;1814
OREXAD SITE DE BOURGES * FIMATEC;34 rue Charles Durand;18000;BOURGES;1;12;1826
BLAISE EMBALLAGE;61, rue Principale;37250;VEIGNE;1;12;1857
MECANO SOUDURE DROMOISE;Z.I. des Gresses;26290;DONZERE;1;12;1877
FOREZIENNE MFLS;ZA Le Chanasson;42110;EPERCIEUX SAINT PAUL;1;12;1919
LEO FRANÇOIS;18, rue Marie-Louise Meyer2 Place Culine;59610;FOURMIES;1;12;1939
ALLIANCE INDUSTRIELLE METALLURGIQUE DE LA MAYENNE * AIMM;Parc d'Activités des MorandièresRue Jean-Baptiste Lamarck;53006;LAVAL;1;12;1945
TELMA S.A.;Z.A du Vert Galant28, rue Paul Painlevé;95310;Saint-Ouen l'Aumône;1;12;1947
COBALCO *BBA EMBALLAGES SITE STE MARGUERITE *LEOPACK;362, Chemin des Grandes HyèresZ.I. de Paituotes;88100;SAINTE MARGUERITE;1;12;1995
SCODER;ZA l'Orée du Bois1 rue de la Forêt;25480;PIREY;1;12;1996
FAIVELEY TRANSPORT LA VILLE AUX DAMES;Z.I. Bois de Plantesrue Amélia Earhart;37700;LA VILLE AUX DAMES;1;12;2005
ADETEM GROUPE;9 Rue Van GoghZA Belle Etoile;76290;Montivilliers;1;12;2009
BODYCOTE SITE CERNAY;10 rue de l'Industrie;68700;CERNAY;1;12;2011
SCOMA;Z.I. de la Louperoute de la Fontaine-Simon;28240;LA LOUPE;1;12;2012
EMBALPRO INDUSTRIE;Route de BaillarguesZone du Bosc;34130;MUDAISON;1;12;2027
VALEO CRETEIL RUE BOULLE;2, rue André Boulle;94046;CRETEIL CEDEX;1;12;2034
ADEZIF CARTHA;17, rue de l'Amiral Courbet;76600;LE HAVRE;1;12;2039
AFMECH SITE DE INGELHEIM;Neisser Strasse 8;D-55218;INGELHEIM AM RHEIN;1;12;2073
POLISSAGE RAY;;;ANDREZIEUX BOUTHEON;1;12;2078
THERMI-LYON;13 Avenue du Château de Gerland;69353;LYON cedex 07;1;12;2112
MC2 CHIMIE;26, avenue Gustave Eiffel;33695;MERIGNAC CEDEX;1;12;2114
OXYMETAL SITE DE BORDEAUX;13, rue jean-Paul Alaux;33072;BORDEAUX CEDEX;1;12;2115
DMA METALIA INDUSTRIE;Z.A de la Lande du Guenêt;35600;Sainte Marie;1;12;2127
ROBERT BOSCH (FRANCE) SITE DE MONDEVILLE * BOSCH;15, rue Charles Coulomb;14120;MONDEVILLE;1;12;2129
I.D'FIX * IDFIX * ID FIX;rue ColibriParc d'activité des Oiseaux;62218;LOISONS SOUS LENS;1;12;2169
OREXAD PAU SITE DE LONS;Avenue André Marie Ampère;64140;LONS;1;12;2263
JTEKT KOYO BEARINGS SITE DE MAROMME;7 rue Ampère;76150;MAROMME;1;12;2270
FRIOTHERM;27, rue d'Arras;92000;NANTERRE;1;12;2312
FRIOTHERM;27, rue d'Arras;92000;NANTERRE;1;12;2312
VALEO CRETEIL RUE PERRET;76, rue Auguste Perret;94000;CRETEIL;1;12;2329
OREXAD SITE DE TOURS;42, rue Gustave Eiffel;37000;TOURS;1;12;2336
L'UNIVERS DE L'EMBALLAGE AGENCE D'ANGERS * DISPACK;28-30 Rue du Bon Puits;49480;SAINT SYLVAIN D'ANJOU;1;12;2389
CMD GEARS * CIF;Immeubles Du Mont - Batiment B53, Avenue de l`Europe;59223;Roncq;1;12;2404
STOLZ;82, route de Boisjean;62170;WAILLY BEAUCAMP;1;12;2409
MGB3000;40, avenue de l'industrie;19360;MALEMORT sur CORREZE;1;12;2423
OTIS;ZI des MontoiresAv des Montoires;45500;GIEN;1;12;2481
FORGITAL DEMBIERMONT SITE DE HAUMONT;4, rue Jules Campagne;59330;HAUTMONT;1;12;2499
KOOLDRUM;14 rue de la Sensie;22960;PLEDRAN;1;12;2520
LUCHARD * GMD;71, route de Rouenroute de Feuquières;60210;GRANDVILLIERS;1;12;2523
FORGINAL INDUSTRIE;Chemin de la varenne;63307;THIERS CEDEX;1;12;2551
VALEO ETAPLES;Route Hilbert;62 630;ETAPLES SUR MER;1;12;2554
FONDERIE DU POITOU FONTE;Grand Rue de Saint Ustre;86220;INGRANDES;1;12;2555
SCHAERER;;32290;AIGNANS;1;12;2558
ELECTRO OUEST;ZA de la Pierre Blancheallée de Brocéliande;35135;CHANTEPIE;1;12;2562
URANIE INTERNATIONAL;rue du général de GaulleZI Le Meux Armancourt;60880;LE MEUX;1;12;2617
FAIVELEY TRANSPORT AMIENS;rue André Durouchez;80080;AMIENS;1;12;2618
EDF UTO CITALIUM SITE DE MONTEVRAIN;Le Citalium1, avenue de l'Europe;77771;MARNE LA VALLEE;1;12;2619
MANITOU SITE D'ANCENIS;430, rue de l'Aubinière;44158;ANCENIS;1;12;2627
CASE NEW HOLLAND SITE DE COEX * CNH;20, route Aizenay;85220;COEX;1;12;2656
FORGES DU SAUT DU TARN * FSDT;avenue Germain Tequi;81160;SAINT JUERY;1;12;2664
POCLAIN AUTOMOTIVE POWERTRAIN SITE DE VERBERIE;Route de Compiègne;60410;VERBERIE;1;12;2668
MICHELIN SITE DE LADOUX;;63000;LADOUX;1;12;2676
STEVA MONTOIRE SUR LE LOIR;1, avenur du docteur Jeulain;41800;MONTOIRE SUR LE LOIR;1;12;2683
OSMEA;ZAE Les Tanes Basses12, rue du Cardinal;34800;CLERMONT L'HERAULT;1;12;2699
NDC * NEW DIE CASTING FOUNDRY;9, rue Hubert PennevertZI du canal des soeurs;17300;ROCHEFORT;1;12;2703
CEA / MARCOULE;Batiment 222BP 17171;30207;BAGNOLS SUR CEZE;1;12;2706
O5 MARINE SITE DE DUNKERQUE * CGG;S/V Oceanic Phoenixroute du Pertuis du Mole 2;59140;DUNKERQUE;1;12;2745
AMF * ATELIER DE MÉCANIQUE FABBRO * FABBRO;430, rue du Noyer des Bouttières;76800;SAINT ETIENNE DU ROUVRAY;1;12;2769
EDF EN SERVICES ANTENNE PICARDIE;ZI de RouvroyBardin et Charles Benoît;2100;ROUVROY;1;12;2778
FLOWSERVE SITE D'ARNAGE;13, rue Maurice Trintignant;72234;ARNAGE;1;12;2875
REDEX SITE DE SENONCHES;Parc naturel régional du Percherue du chemin de Paris;28250;SENONCHES;1;12;2889
GH DIFFUSION ;ZI de la Bougeoirerue du Ponceau;35130;LA GUERCHE DE BRETAGNE;1;12;2932
CHATAL;20 Boulevard de la Brière;44 410;HERBIGNAC;1;12;2961
MICRO CONTROLE SITE DE BRIGUEUIL;La Boulonnie;16420;BRIGUEUIL;1;12;2968
ETN * ELECTROTECHNIQUE DE NORMANDIE;5, rue Nicéphore Nièpce;76300;SOTTEVILLE LES ROUEN;1;12;3000
RFS * RADIO FRÉQUENCY SYSTEMS;rue Baptiste Marcet;44570;TRIGNAC;1;12;3003
ARMSTRONG SITE DU HAVRE;58, rue du Général Chanzy;76600;LE HAVRE;1;12;3007
BERRY RADIATEURS;2, rue des Pieds Blancs;18230;SAINT DOULCHARD;1;12;3038
FIS SPARE PARTS;546, boulevard Jules;76600;LE HAVRE;1;12;3039
ATELIER DE RESTAURATION DU DEPARTEMENT DES MONNAIES;58, rue de Richelieu;75084;PARIS CEDEX 02;1;12;3046
TREMBLAYE LOGISTIQUE;rue Hyppolyte FoucaultZI Nord;72000;LE MANS;1;12;3050
NAVAL GROUP * DCNS;Indret;44620;LA MONTAGNE;1;12;3056
FAIVELEY TRANSPORT SAINT PIERRE DES CORPS;ZI des Yvaudières75, avenue Yves Farge;37701;SAINT PIERRE DES CORPS;1;12;3061
GARCIA RECTIFICATION;3, allée des Terres Rouges;95830;CORMEILLES EN VEXIN;1;12;3065
LEGENDRE MONTLOUIS SUR LOIRE;28, avenue Léonard de Vinci;37270;MONTLOUIS SUR LOIRE;1;12;3068
GALVANOPLAST * FRANTZ ELECTROLYSE;23, chemin des Reniers;92390;VILLENEUVE LA GARENNE;1;12;3076
TREMBLAYE ;17 à 25, rue André CitroënZI Nord;72021;LE MANS CEDEX 2;1;12;3091
SAPA PROFILÉS;;;;1;12;3092
FARETRADE;111, rue des MalinesZA des Malines;91090;LISSES;1;12;3099
FOB LOG;20, rue Nicéphore Nièpce;29200;BREST;1;12;3110
PELLETREAU;14, rue Jules Baron;49300;CHOLET;1;12;3111
E3 CORTEX;8, rue des Fours;;THIEUX;1;12;3112
VALEO NOGENT LE ROTROU;16, avenue des Prés;28400;MARGON;1;12;3116
ELETTA INSTRUMENTATION;ZAC de Champcourt3, boulevard du Bicentenaire;3300;CUSSET;1;12;3128
CHASSIX * SMV AUTOMOTIVE;ZAC du Bois de Plaisance1, rue du trou Martinet;60280;VENETTE;1;12;3134
PONTICELLI SAVENAY;ZA des Acacias;44260;SAVENAY;1;12;3135
METALIS SITE PONT DE ROIDE;8, Rue des Acacias;25150;PONT DE ROIDE;1;13;589
L'ELECTROLYSE;ZI;33360;LATRESNE;1;13;1099
ECA * EPI * L'UNIVERS DE L'EMBALLAGE AGENCE DE TOULON;262 rue des Frères LumièreZI Toulon Est;83130;La Garde;1;13;1214
PONTICELLI FRÈRES SAS;18, Charles Martin;69190;SAINT FONS;1;13;1224
SAFRAN LANDING SYSTEMS * MESSIER BUGATTI DOWTY SITE DE BIDOS;9 rue Guynemer;64401;Oloron Sainte Marie;1;13;1239
FONT EMBALLAGES;607 rue du CanalZ.I.;42320;La Grand Croix;1;13;1358
SAFRAN AIRCRAFT ENGINES*SNECMA PROPULSION SOLIDE SITE D'HAILLAN;rue TOUBAN;33185;HAILLAN;1;13;1427
SAFRAN GROUPE SITE DE PARIS;2 Bd du General Martial-Valin;75724;PARIS CEDEX 15;1;13;1456
SAFRAN HELICOPTER ENGINES * TURBOMECA;;64511;Bordes;1;13;1462
ROXEL;RN 151;18570;Le Subdray;1;13;1581
BBA EMBALLAGES SITE DE NANCY;Dynapole240 , rue Henri Doissan;54714;LUDRES Cedex;1;13;1613
OREXAD SITE D'EPINAL;;88;;1;13;1636
H+VALVES;;69380;CHESSY;1;13;1683
STREIT GROUPE;21, avenue Gaston Renaud;25340;Clerval;1;13;1699
SAFRAN MBD SITE DE MOLSHEIM;1 à 9 rue Antoine de Saint Exupéry;67129;MOLSHEIM;1;13;1749
SENIOR AEROSPACE ERMETO SITE DE BLOIS;rue Clos Thomas;41360;FOSSE;1;13;1796
DURA AUTOMOTIVE SYSTEMS SITE DE LA TALAUDIERE;Zone industrielle de Molinat la Chazotterue de la Chazotte;42350;LA TALAUDIERE;1;13;2004
AMD DECOLLETAGE;441, rue des Crêts;74800;SAINT PIERRE EN FAUCIGNY;1;13;2025
MEMORIAL HERMANN HOSPITAL LIFE FLIGHT;6411 Fannin Street;TX 77030;HOUSTON;1;13;2072
HERAKLES * SAFRAN;rue de Touban;33185;LE HAILLAN;1;13;2136
PCA CENTRE TECHNIQUE DE BELCHAMP;;25218;MONBELIARD CEDEX;1;13;2186
PROVENCE DIESEL ELECTRIQUE;ZI des Paludsavenue des Caniers;13400;AUBAGNE;1;13;2285
MECANIQUE DEVILLE SORBIERS;14 RUE LOUIS BLANCHARD;42290;SORBIERS;1;13;2369
NTN SNR ROULEMENTS SITE CRAN GEVRIER;6 route de la SalleZAC des Romains;74960;CRAN GEVRIER;1;13;2407
VALMET * METSO PAPER SERVICES;5, rue de l'Industrie;68700;CERNAY;1;13;2432
CASTMETAL;2 rue du DOUBS;25260;COLOMBIER FONTAINE;1;13;2459
SCSI - SUPPLY CHAIN SERVICE INTERNATIONAL SITE DE THAON;5, rue du Ruisseau;88150;THAON LES VOSGES;1;13;2471
CASTMETAL SITE DE COLOMBIER FONTAINE * SAFE METAL;2 Rue du DoubsBP 39;25260;COLOMBIER FONTAINE;1;13;2474
AEROPROTEC;4&6 rue Vincent Auriol;64000;PAU;1;13;2485
SCSI - SUPPLY CHAIN SERVICE INTERNATIONAL SITE DE GRENOBLE;;38;LE VERSOUD;1;13;2492
DRILLSTAR INDUSTRIES;av ftrederic et irene JOLIOT CURIE;64140;LONS;1;13;2567
PROTEA;2 rue James Watt;26700;PIERRELATTE;1;13;2571
ECA ROBOTICS SITE DE TOULON;242, rue des Frères Lumière;83130;LA GARDE;1;13;2582
EUROSTAMP * GRUPPO CLN * MA ;1 avenue JEAN MONNET;54290;VILLIERS LA MONTAGNE;1;13;2583
VERBÉ;410, rue Michel Rondet;42153;RIORGES;1;13;2606
SODAPEM GROUPE LPF;;30250;sommieres;1;13;2633
SANDVIK HYPERION;625 route de la gare;26210;EPINOUZE;1;13;2640
PACKEST;22 boulevard Leblois;67000;STRASBOURG;1;13;2653
ENDEL FESSENHEIM;3 rue COLONEL TULLA;68740;FESSENHEIM;1;13;2660
MAHLE FILTRATION  INDUSTRIELLE SAS;Mas D'auriacD237;84100;ORANGE;1;13;2671
AS MECA BERNARD;ZA LES BARRAUDES;42530;SAINT GENEST LERP;1;13;2691
PRAXAIR SURFACE TECHNOLOGIES;42 allee JULES BIGOT;42043;SAINT ETIENNE;1;13;2716
DEAL EXPRESS 57;19 avenue Montastruc La Conseillère;57280;MAIZIERES LES METZ;1;13;2740
LE RAY INDUSTRIE;33 Porte du Grand Lyon;1700;NEYRON;1;13;2758
ALPES USINAGE;AVENUE DU MOLE;74460;MARNAZ;1;13;2765
SENIOR AEROSPACE SITE DE DOURDAN;11, rue des Soufflets;91410;DOURDAN;1;13;2777
ALSTOM;6 RUE DE strasbourg;67110;REICHSOFFEN;1;13;2802
MSI;3 rue de l'industrie ZI INOVA 3000;88150;THAON LES VOSGES;1;13;2820
SOMEP CMIV;1, Rue de ChampfleuryRN 75;38630;VEYRINS - THUELLIN;1;13;2826
EILS;JOSEPH-MARIE-JACQUARD;67400;ILLKIRCH GRAFFENSTADEN;1;13;2827
SHERCO;407 rue etienne lenoir (KM DELTA);30900;nimes;1;13;2890
SPIE NUCLÉAIRE LYON;20 boulevard Eugène Deruelle;69432;LYON;1;13;2895
PATURLE ACIERS;;38180;SAINT LAURENT DU PONT;1;13;2899
GARDETTE INDUSTRIE;95 Route de Frans;69655;VILLEFRANCHE SUR SAONE;1;13;2913
CHANTIER NAVAL RIVE SUD;rue d'Amsterdamparc aquatechnique;34200;SETE;1;13;2949
FML DECOLLETAGE;297 rue de Ponthior;74300;cluses;1;13;3001
SCHNEIDER ELECTRIC SITE D'EYBENS;31, rue Pierre Mendès France;38320;EYBENS;1;13;3020
DANIELSON ENGINEERING;3, rue du vieux Magny;58470;MAGNY COURS;1;13;3022
FONDERIE GIROUD;389-531 Chemin de Renevier;38530;BARRAUX;1;13;3035
SIEMENS DIVISION PRODUCTION PROCESS AUTOMATION;1 chemin de la Sandlach;677500;HAGUENAU;1;13;3047
SCHAEFFLER FRANCE SAS USINE AUTOMOBILE*INA;93 route de Bitche;67506;Haguenau;1;13;3055
ANDERTON CASTING SAS;7 Rue Adrienne Bolland;42160;ANDREZIEUX-BOUTHEON;1;13;3081
FILEUROPE VOSGES;ZI 4 LA BOULEE SUD;88700;RAMBERVILLERS;1;13;3100
FLUID SYSTEM;;;;1;13;3101
FOCAST SAINT DIZIER;chemin du Closot;52100;SAINT DIZIER;1;13;3118
BONZI EMBALLAGE;;74;CHAUMONTET;1;13;3131
BOMBARDIER TRANSPORT CRESPIN;Place des Ateliers, BP1;59154;CRESPIN;1;17;1355
CMI DEFENSE;avenue Alfred Deponthière,44;B-4431;ANS;1;17;1554
EQUATION *E-LIANCE;17/25 Rue du TreyveBP 101;42003;SAINT-ETIENNE Cedex 01;1;14;2219
TOTAL;Techniques de Développement et d'Opérations2 Place Jean Millier;92078;PARIS LA DEFENSE CEDEX;1;3;1049
AQUITAINE ELECTRONIQUE;impasse du Ger;64121;SERRES CASTET;1;3;2553
TFE (TECHNIQUES FRANCAISES D'EXPORT);Zone Euro 200014 avenue de la dame BP 7;30132;Caissargues;1;3;2620
ENGIE * AXIMA;;;;1;3;2720
TOTAL RAFFINAGE CHIMIE;Total Recherche et technologie Gonfreville;76700;Harfleur;1;3;2751
SKILLS4;Technopole HelioParc2 avenue Pierre Angot;64053;Pau;1;3;2793
GROUPE SURVEY;Chemin d'Enrobert;32200;Gimont;1;3;2794
DELTAFLUID;Chgemin. les Augas;64170;LACQ;1;3;2975
TIGF;49 avenue DufauBP 522;64000;Pau;1;3;2976
DANDOY;Zone 5Mollem 502;B-1730;MOLLEN (ASSE);1;14;2578
DANDOY;Zone 5Mollem 502;B-1730;MOLLEN (ASSE);1;14;2578
EGETRA;ZAC de l'Arsenal9/17 rue André Sentuc;69200;VENISSIEUX;1;14;2634
ACCEPT;9 Rue Laurent de LavoisierBP 106;26802;PORTES-LES-VALENCE;1;14;6
ADDMETAL;;;;1;14;13
AXXICON MOULDS EINDHOVEN B.V.;;;;1;14;86
CENPAC TOULOUSE;16, rue Jean Monnet;31240;Saint-Jean;1;14;170
GEODIS LOGISTICS SAINT QUENTIN FALLAVIER;3 rue des Chapelles;38070;SAINT QUENTIN FALLAVIER;1;14;388
IONBOND B.V.;;;;1;14;462
NMC S.A.;;;;1;14;632
OERLEMANS PACKAGING B.V.;;;;1;14;652
RECTICEL NV;;;;1;14;749
VITALO N.V.;;;;1;14;1018
RENAULT GRAND COURONNE;Boulevard du Grand Aulnay;76530;Grand Couronne;1;14;1056
GGB FRANCE EURL;65 Chemin de la Prairie;74009;ANNECY Cedex;1;14;1058
GEFCO BELFORT;;;;1;14;1089
LE BELIER;;33240;VERAC;1;14;1093
IXMECA - CHANTELOUP;ZAC des CettonsRue Panhard Levassor;78570;CHANTELOUP LES VIGNES;1;14;1096
CENPAC SUD OUEST BORDEAUX;31, avenue de la Poterie;33170;GRADIGNAN;1;14;1139
CGEC CATALA;ZAE  - rue Nadar;95320;Saint- leu la Forêt;1;14;1150
PLASTIMECA;;;;1;14;1154
DESCOURS & CABAUD PROLIANS SITE DE ROANNE * PROLIANS;Avenue de Lyon;42300;ROANNE;1;14;1175
FILTRAUTO SITE DE VIRE * SOGEFI;1, rue Charles Tellier;14500;VIRE;1;14;1178
ARCELOR MITTAL SITE D'HERICOURT * S2I DEVILLERS * DEVILLERS OXY;ZA Nord;70400;Héricourt;1;14;1185
SFAC LYON;6, quai Saint Antoine;69002;Lyon;1;14;1186
CERCA * AREVA;;26100;Romans;1;14;1208
DUFERCO COATING * BEAUTOR SORRAL;rue du stade;2800;Beautor;1;14;1213
MAGENTI MARELLI CHATELLERAULT;;;Chatellerault;1;14;1216
SEILA;62 rue Turbigo;75003;Paris;1;14;1217
ACI AUDIT CONSEIL INGENIERIE;19, rue des armuriers;42100;Saint-Etienne;1;14;1218
CARBONE LORRAINE;;;;1;14;1220
COSMA EXPERT * EXPENSE REDUCTION ANALYSTS * ERA;Kergoldec;56520;GUIDEL;1;14;1221
PCA MONTBÉLIARD;57, avenue du Général Leclerc;25218;Montbéliard;1;14;1231
LDE * LA DIFFUSION D'EMBALLAGES;37, quai Louis Blanc;3100;Montluçon;1;14;1233
ZF FONDERIE LORRAINE SAS;Rue de la RépubliqueGrosbliederstroff;57214;Sarreguemines Cedex;1;14;1237
FONDERIES ET ATELIERS SALIN SOCIETE NOUVELLE * BROUSSEVAL;;55500;Dammarie sur Saulx;1;14;1241
SOFLOG-TELIS YENNE;99, rue des Fleurs;73170;YENNE;1;14;1243
SBEI PELLETREAU CHATEAUROUX;6 avenue Pierre de Coubertin;36000;Chateauroux;1;14;1245
MECACHROME SITE AMBOISE;ZI de la BoitardièreRue de Saint Règle;37400;Amboise;1;14;1251
SERVICES 2I *PC SERVICES;;;;1;14;1253
BURKERT;;67220;TRIEMBACH-AU-VAL;1;14;1257
ARVIN MERITOR;;;;1;14;1260
MRC TRANSMARK FRANCE S.A. SITE DE CERGY;23, boulevard de l'Oise;95031;CERGY PONTOISE;1;14;1261
C2R TECHNOLOGIE;26 bis rue du Calvaire;35410;Domploup;1;14;1275
SNA EUROPE;ZI des Chaumes;18570;La Chapelle St Ursin;1;14;1282
DUPONT MECANIQUE;35, avenue du Château;95310;St Ouen l'Aumône;1;14;1284
BAKER & MCKENZIE;1, rue Paul Baudry;75008;Paris;1;14;1302
FONDERIE LORRAINE S.A.S.;;;;1;14;1306
ECE * ZODIAC;271, rue de château Musset;79000;Niort;1;14;1316
CARTONNAGES CARCIAL * CARCIAL;Z.A. des Petits Clais;18110;Saint Martin d'Auxigny;1;14;1317
EST TRADING;;;;1;14;1320
ALSTOM POWER SITE DE BELFORT;;;BELFORT;1;14;1322
DEFTA ESSOMES;48 Rue Jacques Fourrier;2400;ESSOMES SUR MARNE;1;14;1330
BAUZER INDUSTRIE * GMD;24 Rue Pierre Copel;42014;SAINT ETIENNE Cedex 2;1;14;1332
AREVA NP SIEGE PARIS;Tour Areva1, place Jean Millier;92084;Paris la Défense Cedex;1;14;1333
SNOP SITE DE BESANCON;Rue Edouard Belin;25006;BESANCON CEDEX;1;14;1342
METALLIUM;28, rue de la République;59360;Le Cateau;1;14;1348
MMI * MSB GROUP;7, impasse de la zone industrielle;71170;Chauffailles;1;14;1349
SIDEC;5, avenue de MeauxZI;77470;POINCY;1;14;1350
ZURFLUH-FELLER;45 grand rue;25150;AUTECHAUX ROIDE;1;14;1354
MERGER GEAR;;;Strasbourg;1;14;1356
ARNOLD MAGNETIC TECHNOLOGIES;;;;1;14;1362
CAPELEC * SIMONIN;;35540;MINIAC MORVAN;1;14;1369
SEYFERT EMBALL LIBERCOURT;6, rue de l'Egalité;62820;LIBERCOURT;1;14;1371
SINTEC;2, avenue de Bellevue;35235;THORIGNE-FOUILLARD;1;14;1373
HSBC - SUCCURSALE DE ST ETIENNE;42, Rue Gambetta;42000;Saint Etienne;1;14;1375
SOCIETE NOUVELLE DE TRAITEMENT DE SURFACE * SMT * SNTTS;256, rue Paul Dussart;59226;RUMEGIES;1;14;1386
STRATNET;31,rue de Ségur;75007;Paris;1;14;1391
SAINT ETIENNE METROPOLE;;42000;Saint Etienne;1;14;1393
CASSESE;ZI de VERNEUIL L'ETANG;77390;VERNEUIL L'ETANG;1;14;1400
TRANE SAS;1, rue des Amériques;88191;GOLBEY CEDEX;1;14;1402
PALUMBO;;;;1;14;1405
EDF UTO SITE DE NOISY LE GRAND;6 avenue MONTAIGNE;93192;NOISY LE GRAND CEDEX;1;14;1406
POLYSOUDE;2, rue Paul Beaupère;44300;NANTES;1;14;1408
G2 MECA CONCEPT;110, rue des Papillons;41200;ROMORANTIN;1;14;1411
OBJECTIF EMBALLAGES SIEGE;292, rue du Moulin;45560;SAINT DENIS EN VAL;1;14;1413
BU STAMPING;rte de Pouligney;25640;CHAUDEFONTAINE;1;14;1418
MONTUPET LAIGNEVILLE * LINAMAR;3, route de Nogent;60290;LAIGNEVILLE;1;14;1420
ADELI;10, rue du Colisée;75008;PARIS;1;14;1421
ESTOUR EMBALLAGES;Parc d'activité Mathias;26320;SAINT MARCEL LES VALENCE;1;14;1424
FRESSON;;33600;PEYSSAC;1;14;1439
STAUBLI CHASSIEU;;69680;CHASSIEU;1;14;1444
OXYLANE * DECATHLON;;;;1;14;1452
GRISET;rue Grand Pré;60870;VILLERS SAINT PAUL;1;14;1455
ANJAC;;69230;SAINT GENIS LAVAL;1;14;1457
SDCI;;78720;LA CELLE LES BORDES;1;14;1463
SOGEDEV;;;;1;14;1465
CARGLAS;Bd du BAB;64100;Bayonne;1;14;1466
SAS FRANCE;Z.I.;21210;SAULIEU;1;14;1467
BAYONNE AUTOMOBILES;Rond Point de Sutar;64100;Bayonne;1;14;1468
GRANDBLAISE * LEROY;;;EPINAL;1;14;1469
SOFLOG-TELIS AIX LES BAINS;1 rue Paul Doumer;73106;AIX LES BAINS;1;14;1470
SOFLOG-TELIS FLEURY LES AUBRAIS;103 rue de Curembourg;45403;FLEURY LES AUBRAIS;1;14;1471
ETM;Route de Paris;72470;Champagne;1;14;1473
CATERPILLAR FRANCE SITE DE GRENOBLE;40, avenue Léon Blum;38043;Cedex 9 - GRENOBLE;1;14;1480
RTP PRODUCTION;8 avenue Montgolfier;93370;MONTFERMEIL;1;14;1491
L'UNIVERS DE L'EMBALLAGE QUINGEY AGENCE DE BESANÇON * EPI;Les rives de la Loue;25440;QUINGEY;1;14;1494
APROPACK;Bel Air;43620;SAINT PAL DE MONS;1;14;1495
JULLIAN * L'UNIVERS DE L'EMBALLAGE AGENCE D'AVIGNON;;13550;NOVES;1;14;1499
DELPHI DIESEL AFTERMARKET SITE DE BLOIS;12-14, rue de l'Industrie;41010;BLOIS CEDEX;1;14;1503
MAGNA LORRAINE EMBOUTISSAGE SITE D'HENRIVILLE * MLE;Mégazone Départementale;57450;HENRIVILLE;1;14;1508
EMBAL'PAL'SERVICE;;;TARBES;1;14;1511
BBA EMBALLAGES SITE DE POITIERS * HUGUET THIBAULT;ZAE de Chalambert;86130;JAUNAY CLAN;1;14;1517
EMBALTEC NORMANDIE;ZI   Voie du Futur;27100;VAL DE REUIL;1;14;1524
SOMEVE;127 cours Caffarelli;14120;Mondeville;1;14;1525
AUTOLIV GOURNAY;avenue de l'Europe458 Zoning Industriel;76220;GOURNAY EN BRAY;1;14;1528
SNER;;27600;GAILLON;1;14;1529
ISS WORLD;12, rue Fructidor;75839;PARIS CEDEX 17;1;14;1530
LOGICBUY;;31;TOULOUSE;1;14;1531
DANRICK UDN * DEFTA;Les Terriers;61470;LE SAP;1;14;1532
UBIFRANCE;77, Boulevard Saint-Jacques;75014;Paris;1;14;1535
CB2D;1320 rue LarocheZA Laroche;33140;CADAUJAC;1;14;1536
ACHATS EMBALLAGES;ZI OUEST7 chemin de Thil;1700;St Maurice de Beynost;1;14;1545
OUEST EMBAL;;49700;DOUE LA FONTAINE;1;14;1548
EMBALLAGE SFE;3414, rue de la jeune fillezone de fret 4;95700;ROISSY;1;14;1552
SOCARBOIS;;;;1;14;1556
MECACORP * MECAPLAST;ZI des Paituotes;88100;SAINTE MARGUERITE;1;14;1561
LA FONDERIE CHAROLLAISE;La Framboise;71420;GENELARD;1;14;1564
ELECTROPOLI SITE DE SAINT GENIS;50, rue L&A LumièreTechnoparc;1630;SAINT GENIS POUILLY;1;14;1567
MECALIM;ZI de Beauregard5 rue Gustave Courbet;19100;BRIVE LA GAILLARDE;1;14;1568
SLAVI SAS;Avenue du Maréchal Juin;64100;Bayonne;1;14;1576
AUBERT ET DUVAL SITE D'ISSOIRE;Route de ClermontLe Piat;63500;ISSOIRE;1;14;1577
STB;;;;1;14;1578
V&M TUBES : TUBERIE DE SAINT SAULVE;BP 2Rue de Galibot;59880;SAINT SAULVE;1;14;1579
ASCO JOUCOMATIC;;28;;1;14;1583
TRW AUTOCRUISE;Technopôle Brest Iroiseavenue du Technopôle;29280;PLOUZANE;1;14;1584
COMBE SAVOIE EMBALLAGE * CSE;ZAC du Héron;73110;LA CROIX DE LA ROCHETTE;1;14;1585
BOUILHOL;14 rue Henri Castel;42400;SAINT CHAMOND;1;14;1588
ERTP HIBON;ZI de Roubaix Est2 rue du Trieu du Quesnoy;59390;TOUFFLERS;1;14;1589
CATERPILLAR FRANCE SITE D'ECHIROLLES;;38130;ECHIROLLES;1;14;1591
INOX OUEST * CHAUDRINOX;ZID Actiparc du Segréenrue de l'Echelette;49500;SAINT GEMMES D'ANDIGNE;1;14;1592
LISI AUTOMOTIVE DELLE;28, faubourg de Belfort;90101;DELLE;1;14;1593
SOFIDEEC;138, Bd Haussmann;75008;Paris;1;14;1595
HUMAN ROAD;9, avenue Victor HugoEspace Lamartine;69160;Tassin-la-Demi-Lune;1;14;1598
ALL SEASONS HONFLEUR;3, rue Traversière;14600;Honfleur;1;14;1599
ARGO PARTS FRANCE;Clos Saint Jeanrue Molière;52115;SAINT DIZIER;1;14;1601
BNP PARIBAS ST ETIENNE;2, rue Gerentet;42000;St Etienne;1;14;1604
PER EMBALLAGE * PROTECTION EMBALLAGE RECUPERATION;23 rue Lavoisier;69680;CHASSIEU;1;14;1605
AFNOR;;;;1;14;1606
DISTRIMPEX;Domaine de BarrelRoute de Mollégès;13210;Saint Rémy de Provence;1;14;1608
VAM DRILLING;62, rue de Leval;59620;AULNOYE AYMERIE;1;14;1610
WESTINGHOUSE ELECTRIQUE ORSAY;Orsay Parc Bâtiment Sequoia86, rue de Paris;91401;ORSAY CEDEX;1;14;1615
TECL CHATEAULIN * TRANSPORT EXPRESS CONSEIL ET LOGISTIQUE;ZI de Lospars;29150;CHATEAULIN;1;14;1619
PEUGEOT SCOOTERS;;;DANNEMARIE;1;14;1620
JAVAUX LEVEQUE;7, rue des RenardièresZA;21560;ARC SUR TILLE;1;14;1624
BROSE AUTOMOTIVE LA SUZE;Le Pré Sec;72210;LA SUZE SUR SARTHE;1;14;1632
SCIE;21 bis, rue Marc Seguin;77290;COMPANS;1;14;1638
LANGEL;10, rue Christiaan HuygensParc Lafayette;25000;BESANCON;1;14;1642
IHS;16 - 18, rue du 4 Septembre;75002;Paris;1;14;1646
LAMIFLEX;;;;1;14;1650
ASTAR;4, rue Alexandre Freund;68305;SAINT LOUIS CEDEX;1;14;1651
L&L PRODUCTS;1, rue LindbergZA Activeum;67129;MOLSHEIM CEDEX;1;14;1659
NETMAN EDF;FLAMANVILL 3MAG REC;50340;FLAMANVILLE;1;14;1661
SAFEM FONDERIE;Z.I. n°3;16340;LEISLE D'ESPAGNAC;1;14;1668
SATEC SERVICES;;;;1;14;1676
RENAULT CLEON;Route de Tourville;76410;CLEON;1;14;1677
ALTIA SITE DE CELLES SUR DUROLLE;Zone industrielle;63250;CELLES SUR DUROLLE;1;14;1680
CENPAC ARDENNES;;8;;1;14;1681
MECAPROTEC;34, boulevard Joffrery - B.P. 30204;31605;MURET CEDEX;1;14;1685
SCHNEIDER ELECTRIC SITE DE VILLEURBANNE;130 rue Léon Blum;69609;VILLEURBANNE;1;14;1686
CARTONNERIE DE MAUREPAS;;35;MEZIERE;1;14;1689
AFFIVAL;70, rue l'Abbaye;59730;SOLESMES;1;14;1695
METALIS SITE DE CHAUDEFONTAINE;Route de Pouligney;25640;CHAUDEFONTAINE;1;14;1696
HOTEL NIEL PARIS;11, rue Saussier Leroy;75017;Paris;1;14;1698
HOTEL MERCURE ARC DE TRIOMPHE WAGRAM;3, rue Brey;75017;Paris;1;14;1700
KPASSUR;13, rie Gustave Eiffel;33850;LEOGNAN;1;14;1701
CHAMPALLE;151, rue AmpèreZIles Bruyères;1960;PERONNAS;1;14;1703
FLOW CONTROL TECHNOLOGIES SITE DE VITROLLES * FCT;ZI  Estroublans23, avenue de Rome;13127;VITROLLES;1;14;1705
BARRIOL & DALLIERE INDUSTRIES * FARINIA;ZI sudrue Barthélémy Thimonier;42160;ANDREZIEUX BOUTHEON;1;14;1706
ROBERT BOSCH (FRANCE) SITE DE VENISSIEUX;91,bd Joliot Curie;69634;VENISSIEUX CEDEX;1;14;1707
SODETAL;110 route nationale;55310;TRONVILLE EN BARROIS;1;14;1710
L2 MECANIQUE;route de Silly;51490;BEINE NAUROY;1;14;1713
GACEC EVREUX;route de LouviersZI;27190;CONCHES EN OUCHE;1;14;1715
TESTARD SOCIETE NOUVELLE;46, rue de la Gare;41000;VILLEBAROU;1;14;1721
NORTENE TECHNOLOGIES SA;Avenue de la Rotonde;59;Lomme;1;14;1722
SOCARTO * CARTONNAGES;1, rue Gaston RamonZI des deux fontaines;57062;METZ CEDEX 02;1;14;1723
IUT BOURGES;63, Avenue de Lattre de Tassigny;18020;Bourges Cedex;1;14;1724
ARCELOR MITTAL SITE DE BOURG EN BRESSE;25, avenue de Lyon;1000;BOURG EN BRESSE;1;14;1744
SWAGELOK FRANCE OUEST;ZA Beauséjourrue de la gare du tram;35520;LA MEZIERE;1;14;1747
NEXTER MUNITIONS;Route de Villeneuve;18570;La Chapelle Saint Ursin Cedex;1;14;1748
MRVA;90, rue August AucourBP 90210;69657;Villefranche sur Saone;1;14;1753
PCA POISSY ACHATS;2-10, Boulevard de l'Europe;78092;Poissy Yvelines Cedex;1;14;1754
FP PLASTIQUES;2, rue de la Gare;69009;LYON;1;14;1759
LEROY SOMER MOTEURS * EMERSON;ZI DU PONTET;69360;ST SYMPHORIEN D'OZON;1;14;1762
FONDERIE DE GENTILLY;Jules Guesdes;91130;RIS ORANGIS;1;14;1768
MOTA;Avenue du DrouardZ.I. Les Paluds;13685;AUBAGNE;1;14;1778
CAMECA;29, quai des Grésillons;92622;GENNEVILLIERS CEDEX;1;14;1779
BESSE & AUPY;Zone Industrielle;24600;RBERAC;1;14;1782
CTCI;1 rue de l'artisanat;67440;SINGRIST;1;14;1783
EM2;180, rue du Tertre;44151;ANCENIS;1;14;1784
ENDEL BOCCARD;1, route de la MineChantier ERP;50340;FLAMANVILLE;1;14;1786
SOFRAFILM;contre-allée Le Bois Fleuri75-77 RN3;77410;CLAYE SOUILLY;1;14;1787
DIRECCTE RHONE ALPES (UT 42);11, rue Balay;42021;SAINT- ETIENNE;1;14;1788
METAL-X;645, route de la Dranse;74500;AMPHION LES BAINS;1;14;1790
AVENIR CONSEIL PLUS;3, ave Jean Rostand;64100;Bayonne;1;14;1791
SOTECH;;;;1;14;1792
MEDEF PAYS BASQUE;1, rue de DonzacBP 319;64103;Bayonne Cedex;1;14;1804
GAMBADE;ZAC du Golf;64200;BASSUSSARRY;1;14;1808
SFS INTEC;;26902;VALENCE CEDEX 9;1;14;1811
SFS INTEC;;26902;VALENCE CEDEX 9;1;14;1811
POUCHARD TUBES;1 à 15, rue du Cheval Blanc;93698;PANTIN;1;14;1812
SKF SLEWING BEARINGS SITE D'AVALLON;Route de VassyD 944;89204;AVALLON CEDEX;1;14;1816
ORTEC;;;;1;14;1818
ARTIFIL;ZA de l'aérodrome Chaumont Semoutiers;52000;SEMOUTIERS MONTSAON;1;14;1821
GRUPO ANTOLIN SITE DE GUYANCOURT;Immeuble Pluton4, parc Ariane;78280;GUYANCOURT;1;14;1825
DAMEN SHIPREPAIR BREST;Port de CommerceRue Emile de Carcaradec;29200;BREST;1;14;1833
BD MANAGEMENT * EUROCN;29, rue CondorcetDomaine de Entreprises   Bât 5010;38090;VAULX MILIEU;1;14;1837
ACMH;;14603;HONFLEUR;1;14;1842
AIRCELLE;Route du Pont VIII;76700;GONFREVILLE;1;14;1844
SOURIAU;ZAC3 rue du Vallon;94440;MAROLLES EN BRIE;1;14;1856
POLIGRAT;2,rue Saint Eloi;71300;Montceau Les Mines;1;14;1866
DERVAUX;ZI du BECAllée Ampère;42501;Le Chambon Feugerolles;1;14;1868
FOCAST PICARDIE;175, rue de la Magdeleine;2200;VILLENEUVE SAINT GERMAIN;1;14;1870
MICROTURBO;8, chemin du pont de Rupé;31019;Toulouse;1;14;1872
WALRAVEN BV;;;Mijdrecht;1;14;1875
WALRAVEN BV;;;Mijdrecht;1;14;1875
ERVENT;ZAC Haut Madererue Nicolas Appert;33140;VILLENAVE D'ORNON;1;14;1882
GIMAEX;;;ROANNE;1;14;1891
CONDI ATLANTIQUE;ZI OSERAYE;44390;PUCEUL;1;14;1893
GKN STROMAG SITE DE LA GUERCHE;Avenue de l'Europe;18150;LA GUERCHE SUR L'AUBOIS;1;14;1894
GKN STROMAG SITE DE LA GUERCHE;Avenue de l'Europe;18150;LA GUERCHE SUR L'AUBOIS;1;14;1894
VALLIER INUSTRY AGENCE COMMERCIALE DE LYON;24, rue de la Mouche;69540;IRIGNY;1;14;1895
CDO * CENTRE DE DÉCAPAGE ORLEANAIS;77, route d'Orléans;45380;CHANGY;1;14;1896
PULSE PLASTICS - FRANCE;La Chouannière;35310;Mordelles / Rennes;1;14;1898
SNCF;DPX P26   Centre de Précision14, rue Pierre Martin;35009;RENNES;1;14;1899
AUBERT ET DUVAL SITE D'IMPHY;Rue jean JAURES;58160;IMPHY;1;14;1900
SYMBIOFCELL;26, rue Henri Tarze;38000;GRENOBLE;1;14;1905
TECUMSEH SITE DE LA MURE;Zoning Industriel;38350;SAINT HONORE;1;14;1907
TECUMSEH SITE DE VAULX MILIEU;2, avenue Blaise Pascal;38090;VAULX MILIEU;1;14;1908
TECUMSEH SITE DE LA VERPILLIERE;Route de Lyon;38290;LA VERPILLIERE;1;14;1909
GPS ENTREPRISES;Parc D'Activité de Mathias;26 320;Saint Marcel Les Valence;1;14;1910
PROGRESS SAS;ZI des Bourguignons;84400;APT;1;14;1914
HELS SITE DE TEMPLEUVE * H.E.L.S.;81, rue de Bonnance;59242;TEMPLEUVE;1;14;1920
SIRA;ZAC de Valentin9, chemin des Maurapans;25870;Chatillon le Duc;1;14;1922
ROVITEX;2, route du Village;38110;ROCHETOIRIN;1;14;1923
DIVMI;Les trillers;3190;VAUX;1;14;1925
YARA SITE DE BORDEAUX;;33;;1;14;1929
DACHSER;8 rue Roland Garros;42160;ANDREZIEUX;1;14;1930
APERAM SITE D'IMPHY * ARCELOR;Rue Jean Jaurès;58160;IMPHY;1;14;1932
SARO;ZI Ouest;17700;SURGERES;1;14;1933
EYNARD ROBIN SITE FESSENHEIM;ZA Rue des Romains;68740;FESSENHEIM;1;14;1937
IDEAMARQUES;25, rue de Turin;75008;Paris;1;14;1941
AIR LIQUIDE VITRY SUR SEINE;18, rue Jules Guesde;94407;VITRY SUR SEINE;1;14;1943
MARET-MECA 21;ZAC des Terres d'orRoute de St Philibert;21220;GEVREY CHAMBERTIN;1;14;1946
DISTRIPACKAGING FRANCE;;;;1;14;1948
CARTONNAGE DE LA SCHLIFF;36 rte Rimbach;68500;Jungholtz;1;14;1950
ALSTOM TRANSPORT SITE D'ORNANS;7, avenue de Lattre de Tassigny;25290;ORNANS;1;14;1951
ZF NACAM SITE DE VENDOME;2, route de Blois;41100;VENDÔME;1;14;1952
IBRE;5, rue Henri Cavallier;89100;SENS;1;14;1953
SÉCHILIENNE SIDEC;Immeuble Le Monge22 place des Vosges;92400;COURBEVOIE;1;14;1960
JEFMAG;41, boulevard des Marchandises;85260;L'Hébergement;1;14;1962
AE STUDIO GRAPHISME;Pôle de service - Espace Technologique J. BertinAv du 1er Mai;40220;Tarnos;1;14;1963
CEIDEX;4, rue Léon FoucaultZ.I. Mitry Compans;77290;MITRY MORY;1;14;1964
WARTSILA FRANCE SITE DE SURGERES;ZI LA COMBE;17700;SURGERES;1;14;1970
CARTONNAGES TURQUET BOS;Rue des Hortensias;60110;AMBLAINVILLE;1;14;1973
MAAGTECHNIC SAS;22, avenue du Pont-Tasset;74960;MEYTHET;1;14;1981
DOUGÉ FORMATION CONSEIL;Allée des Semences;49400;SAUMUR;1;14;1982
SUD MOTEURS;2, boulevard des bassins de radoub;13213;MARSEILLE Cdex 02;1;14;1997
DECOLLETAGE DE LA GARENNE;6, rue de la Garenne;25290;ORNANS;1;14;2000
LECOUFLE * PROLIANS;"Route de Beaumont hagueZ.A. ""Le Lucas""";50120;EQUEURDREVILLE;1;14;2022
IDEA EMBALLAGE SITE DE ST NAZAIRE;ZAC de Cadréan;44550;MONTOIR DE BRETAGNE;1;14;2023
FEDERAL MOGUL SITE DE NOYON FRICTION PRODUCTS;205 rue Europe;60400;NOYON;1;14;2024
FEVI * FABRICATION ET ETUDE DE VENTILATEURS INDUSTRIELS;rue Beausoleil;14290;LA VESPIERE;1;14;2029
MANITOWOC;;3;MOULINS;1;14;2038
CARTONNAGES D'ALFORT;Hameau Replonges;77510;VERDELOT;1;14;2047
ASSYSTEM E&OS POUR EDF;;50340;FLAMANVILLE;1;14;2051
LEROY SOMER MOTEURS * EMERSON;Quai UAPZ.I. Rabion;16000;ANGOULEME;1;14;2056
BIPACK FRANCE;275, rue du bois RageauZI Est;45100;AMILLY;1;14;2057
ESI * EMBALLAGES SOLUTIONS INDUSTRIELLES;706 rue Gustave EIffel;54710;FLEVILLE-Dt-NANCY;1;14;2063
FROIS EMBALLAGES;77, rue Jean-Baptiste Castaing;64340;BOUCAU;1;14;2064
BARRAS TECHNOLOGIES SITE DE MANOSQUE * ADF;ZI Saint Joseph;4100;MANOSQUE;1;14;2082
TECHNITOILE;16, chemin de la petite ville;44570;TRIGNAC;1;14;2083
ALTIPA;17, avenue Corentin Cariou;75019;PARIS;1;14;2087
IKO NIPPON THOMPSON * NIPPON;2, rue de la HayeRoissypôle Le Dôme;95733;ROISSY CDG CEDEX;1;14;2097
FAURECIA SITE DE BAINS SUR OUST;Les Landes de Tournebride;35600;Bains sur Oust;1;14;2100
EDF GROUPE MAINTENANCE HYDRAULIQUE EST SITE D'OTTMARSHEIM;5, rue de l'île;68490;Ottmarsheim;1;14;2105
SLCT;"Lieu dit ""Haut Pont""Rue de Metz";57 650;FONTOY;1;14;2106
SAFECHEM;50, route de Strasbourg;67118;GEISPOLSHEIM;1;14;2107
CONDAT LUBRIFIANTS;Avenue Frédéric Mistral;38670;CHASSE SUR RHONE;1;14;2111
DOUCE HYDRO;;;;1;14;2113
FONDERIES DE SAINT DIZIER * FSD;38, rue Waldeck Rousseau;52100;SAINT DIZIER;1;14;2116
LIEBHERR MINING EQUIPMENT SITE DE COLMAR;49, rue Frédéric Hartmann;68025;COLMAR;1;14;2122
CHIMIMECA SITE DE CHASSIEU;42, rue Ampère;69680;CHASSIEU;1;14;2135
EMERSON PROCESS MANAGEMENT S.A. SITE DE CERNAY;8, rue Paul Baudry;68700;CERNAY;1;14;2138
MAHLE AFTERMARKET SITE DE POISSY;33 - 35 rue Charles Edouard Jeanneret;78306;POISSY;1;14;2143
ARCELOR MITTAL SITE DE VITRY LE FRANCOIS;ZI Vitry MarollesBP 20010;51301;VITRY LE FRANCOIS;1;14;2145
ROSSMANN ALSACE;La Vancelle Gare;67602;SELESTAT CEDEX;1;14;2149
ISS WORLD SITE DE TOULOUSE;;;;1;14;2150
TIMKEN FRANCE SITE DE COLMAR;2, rue Timken;68002;COLMAR CEDEX;1;14;2152
TIMKEN FRANCE SITE DE STRASBOURG;6 - 12 rue de Bastia;67100;STRASBOURG;1;14;2153
EDF LE TEMPLE SUR LOT;Lagazaille;47110;Le Temple Sur Lot;1;14;2166
NCS SCHLUMBERGER;170, rue de la République;68502;GUEBWILLER CEDEX;1;14;2172
ISOTOOLS LYON;26 Rue Benoît Bennier;69260;Charbonnières-les-Bains;1;14;2181
CIPRES SAS;191, rue de BelfortImmeuble ORION;25005;Besançon Cedex 3;1;14;2196
EXXON MOBIL;Plateforme de Gravenchon;76330;Notre Dame de Gravenchon;1;14;2198
HONEYWELL GARRETT SITE DE THAON * GARRETT;2, rue de l'Avenir;88150;THAON LES VOSGES;1;14;2201
BOREALIS SITE DE GRAND QUEVILLY;30, rue de l'industrie;76121;GRAND QUEVILLY;1;14;2207
TREVES SITE DE REIMS * CERA;2, rue Emile Arques;51100;REIMS;1;14;2208
FIDAY GESTION;;70;CHASSEY LES SCEY;1;14;2212
ALBIOMA BOIS ROUGE;2 CHEMIN DE BOIS ROUGECAMBUSTON;97 440;SAINT ANDRE;1;14;2218
DELCEN SAS;Z.I Sud Les Hauts de Clos;41100;VENDOMES;1;14;2220
DIDIER QUILLET DIFFUSION;2, rue de l'Eglise;95640;MOUSSY;1;14;2222
WILOACO HYDROCAST;14 rue des Chênes vertsZA Les Serpollières;38460;Saint Romain de Jalionas;1;14;2229
SOFRESID ENGINEERING;50 rue Antoine de St ExupéryZone de Prat Pit Nord - Guipavas;29801;Brest Cedex 9;1;14;2231
NEXEYA SYSTEMS;6, rue des frères BoudéZI Thibaud;31104;TOULOUSE CEDEX 1;1;14;2232
DEFI SITE DE PIREY * ALTIA PIREY;6, rue de la Louvière;25480;PIREY;1;14;2237
MILS;15, rue de Genève;;;1;14;2244
LOGAERO SERVICES;4 à 8 rue de la grande Borne;77990;LE MESNIL AMELOT;1;14;2246
SOLARMTEX;4, rue Célestin Gérard;18100;VIERZON;1;14;2248
SUNZIL;;;;1;14;2249
DURAND QUENTIN;;;;1;14;2257
SELI EMBALLAGE;;69;CORBAS;1;14;2258
ABSOLUT SYSTEM;;;;1;14;2265
SIMOND;ZA Les Trabets;74310;LES HOUCHES;1;14;2266
CIMAT * FOSELEV;Z.I. de l'Ardoise;30290;LAUDUN;1;14;2269
PRECITECHNIQUE;19, rue Barnave;38400;SAINT MARTIN D'HERES;1;14;2272
AMGM;Route de Fay;43520;LE MAZET ST VOY;1;14;2274
OMEXOM * ISDEL ENERGY * VINCI;1, rue Paul Rieupeyroux;69800;SAINT PRIEST;1;14;2279
SEEB INDUSTRIE;10, route de Charlieu;71170;CHAUFFAILLES;1;14;2282
TDS SITE DE GRESIN * TRAITEMENT DE SURFACE DES MÉTAUX;ZI les Usines;73240;GRESIN;1;14;2283
COMEBO INDUSTRIES;13, chemin Bois Dom Girard;79300;CLAZAY;1;14;2286
PRODEM;84, route de Seilh;31700;CORNEBARRIEU;1;14;2287
NOVIPACK;8, rue du Bois Sauvage;91055;EVRY;1;14;2291
PROLIANS * QUINCAILLERIE VAROISE;;83;HYERES;1;14;2295
APEX TOOL GROUP;25 avenue Maurice Chevalier;;Ozoir La Ferrière;1;14;2297
MONSANTO;1050 route de Paradies;40300;PEYREHORADE;1;14;2298
ADAPEI / ESAT SAINT CHAMOND;Rue du Crêt de la PerdrixZi du bon coin;42400;Saint Chamond;1;14;2307
SECOTOOLS * SECO TOOLS;22, avenue de la Prospective;18000;BOURGES;1;14;2311
PAAGE PACKAGING;580, rue du Champ Rouge;45770;SARAN;1;14;2313
CONSTELLIUM AVIATUBE SITE DE MONTREUIL JUIGNÉ;;49460;MONTREUIL JUIGNE;1;14;2314
DS SMITH PACKAGING SITE DE TIGY;5, rue de la Devinière;45510;TIGY;1;14;2315
HUTCHINSON SITE DE SAINT BRIEUC;5 rue AMPERE;22005;SAINT BRIEUC;1;14;2316
STEEP PLASTIQUE;3, rue du Pilon;1708;MIRIBEL;1;14;2321
PELI PRODUCTS FRANCE;20 - 22, rue des petits hôtelsBat B;75010;PARIS;1;14;2323
CIM;Terre Plein SudBP 542;76058;Le Havre;1;14;2326
CONTITECH;3, rue Fulgence Bienvenüe;92631;GENNEVILLIERS CEDEX;1;14;2328
ENGRENAGES RICHARD;17, rue de la fosse aux Loups;95100;ARGENTEUIL;1;14;2330
TOULOUSAC EMBALLAGES;3, rue du Docteur CharcotZ.A. La Ménude;31830;PLAISANCE DU TOUCH;1;14;2337
ARIS - SERVICES;36, rue Henri Ternon;76133;EPOUVILLE;1;14;2338
SAIPEM * ENI;7 Avenue de San Fernando;78180;Montigny-le-Bretonneux;1;14;2339
DS SMITH PACKAGING SITE DE MARNOZ;3, rue de l'Eglise;39100;MARNOZ;1;14;2342
BBA EMBALLAGES SITE DE SCHILTLIGHEIM;13, avenue de l'Europe;67300;SCHILTIGHEIM;1;14;2343
SAVOY MOULAGE;ZI des Grands Prés52 rue Guillaume Fichet;74300;CLUSES;1;14;2344
FLENDER;1, rue du vieux Moulin;67402;ILLKIRCH GRAFFENSTADEN;1;14;2346
NEFAB;2 RUE DES FLEURS;68230;ZIMMERBACH;1;14;2353
PORQUET;270, rue des Pommiers;50110;TOURLAVILLE;1;14;2356
JOPAK PACKAGING SOLUTIONS;;;;1;14;2357
VEOLIA;1 rue Giovanni Battista PirelliBatiment B;94410;SAINT MAURICE;1;14;2358
HERTHI;2, rue Maryse Bastié;93120;LA COURNEUVE;1;14;2360
AGENCE COMMERCIALE ET CONSULTING INDUSTRIEL * AGENCE CCI * ACCI;8 bis place de la Delaunaye;95220;HERBLAY;1;14;2370
TECHNIP;43-45 Boulevard Franklin Roosevelt;92500;RUEIL MALMAISON;1;14;2376
ECG * EMBALLAGES CONSULTING GROUP;;77270;VILLEPARISIS;1;14;2382
SOLUTIO;Z.I. Thibaud4, rue Douladoure;31100;TOULOUSE;1;14;2384
AQUITAINE PLASTIQUES SOLUTIONS;48, rue St Exupéry;33320;EYSINES;1;14;2399
BUCHER EMBALLAGES;7, allée de Candolle;69110;ST FOY LES LYON;1;14;2403
SONOVISION;5, avenue Edouard Serres;31773;COLOMIER CEDEX;1;14;2413
FLUIDES SERVICE TECHNOLOGIES;8, avenue Gutenberg;31128;PORTET SUR GARONNE CEDEX;1;14;2414
LISEGA;21, rue Gutenberg;91919;BONDOUFLE;1;14;2421
LACROIX;66 RUE DU LACZA DU VERNAY;38300;NIVOLAS VERMELLE;1;14;2424
MECA PRODUCTION SITE DE MARNAZ;145, rue de la Fin;74460;MARNAZ;1;14;2426
SNEF;76, rue Marceau;76600;LE HAVRE;1;14;2427
SAINT JEAN INDUSTRIES SITE D'INGRANDES;Z.I. Saint Ustre;86220;INGRANDES SUR VIENNE;1;14;2428
SAINT JEAN INDUSTRIES SITE D'HAROL;430, route de Mirecourt;88270;HAROL;1;14;2429
MAHLE BEHR SITE DE ROUFFACH;5, avenue de la Gare;68250;ROUFFACH;1;14;2433
POLISSAGE OYONNAXIEN;14, rue Hippolyte Picquet;1100;GROISSIAT;1;14;2435
ELECTROPOLI CENTER BRON;6bis, rue Maryse BastieParc St Exupéry;69500;BRON;1;14;2437
DE REU DECOLLETAGE;1, rue de l'Egalité;62121;ACHIET LE GRAND;1;14;2443
FRANC DIESEL SITE DE BERGERAC;route de BordeauxLe Rabier;21100;SAINT LAURENT DES VIGNES;1;14;2449
LISI AUTOMOTIVE GRANDVILLARS;;;;1;14;2451
NEXTER MECHANICS SITE DE TULLE;20, rue du 9 juin 1944;19012;TULLE CEDEX;1;14;2461
ORIGAMI;8, rue du Grand Coin;59136;WAVRIN;1;14;2470
ABB ROBOTICS SITE DE CERGY;ZI des Béthunes16, rue de l'Equerre;95310;SAINT OUEN L'AUMONE;1;14;2477
AVIATEC;;;;1;14;2483
HOWDEN BC COMPRESSORS SITE DE NOGENT/OISE;;60;NOGENT SUR OISE;1;14;2484
JACQUEMENT;;;VERMONDANS;1;14;2486
GMD STAMPING;71, route de Rouen;60210;GRANVILLIERS;1;14;2489
GAMMA AMORTISSEURS * EFFBE;7, rue du 8 mai 1945;94470;BOISSY SAINT LEGER;1;14;2490
PRECIS DEC SITE DE LA CHAPELLE DU BOIS;ZA de la cibole;72400;LA CHAPELLE DU BOIS;1;14;2494
IHP * I.H.P. * INJECTION HP;13, rue René Laennec;78310;COIGNIERES;1;14;2496
GRUPO ANTOLIN SITE DE RUPT SUR MOSELLE;30, rue d'Alsace;88360;RUPT SUR MOSELLE;1;14;2509
GROLLEAU;rue de Moulin de la Buie;49310;Montilliers;1;14;2516
SMG TOLERIE;24 RN 31;60650;SAINT PAUL;1;14;2518
APERAM SITE DE LUSIGNAN;5, rue de la Roche Grolleau;86600;LUSIGNAN;1;14;2524
LB TECHNIQUE;ZI du Coin;42400;SAINT CHAMOND;1;14;2533
MAIKE AUTOMOTIVE;480 rue des cygnes;74130;BONNEVILLE;1;14;2534
ZODIAC AERO ELECTRIC;PARC LAFAYETTE13 RUE LAFAYETTE;25043;BESANCON;1;14;2536
ALUTHEA NANTOIN;231 chemin du tenement;38260;NANTOIN;1;14;2537
FONDERIE GM BOUHYER;LE CHATEAU ROUGE;44152;ANCENIS;1;14;2538
FONDERIE THEVENIN;ROUTE DE PONTARLIER;39302;CHAMPAGNOLE;1;14;2539
FONDERIE MATHIEU;route de demigny;71530;CHAMPFORGEUIL;1;14;2540
FONDERIE BOISSON;Rue du bois baron;69220;BELLEVILLE;1;14;2541
GUILLET;2 RUE jean bugatti;67120;DUPPIGHEIM;1;14;2542
MERCIER CLAUSSE SA;31 rue du moulin;25150;pont de roide;1;14;2543
ALBIOMA LA DEFENSE;Tour Opus 12-La Défense 977 Esplanade du Général de Gaulle;92914;La Défense;1;14;2547
PCA HÉRIMONCOURT;;;HERIMONCOURT;1;14;2548
ENERTOPIA;20, boulevard Montmartre;75009;PARIS;1;14;2559
EUROCAST REYRIEUX* GMD;RUE DES GARENNES;1600;REYRIEUX;1;14;2560
SCHAEFFLER CHAIN DRIVE SYSTEMS;1000, rue Louis Bréguet;62102;CALAIS;1;14;2564
ELPI;Parc MetrotechBâtiment 6;42650;SAINT JEAN BONNEFONDS;1;14;2572
CELSA FRANCE;Maurice PERSE;64340;BOUCO;1;14;2577
CELSA FRANCE;Maurice PERSE;64340;BOUCO;1;14;2577
ENSIVAL MORET;1, chemin des Ponts et Chaussées;2100;SAINT QUENTIN;1;14;2588
DCNS SITE DE BREST;Base navale de Brestroute de la Corniche;29200;BREST;1;14;2592
HOTEL VULCAIN;1, rue Puits Gillier;42152;L'HORME;1;14;2598
HOTEL IBIS HONFLEUR;cours Jean de Vienne;14600;Honfleur;1;14;2599
ELECTRO RHONE;5 avenue Lionel TerrayPorte 2 - Batiment C6;69330;MEYZIEU;1;14;2604
AREVA TA - BD PR SITE DE SACLAY;;91192;GIF SUR YVETTE CEDEX;1;14;2616
THIEVIN;Parc industriel de l'Erdre;44540;SAINT MARS LA JAILLE;1;14;2635
EDF ALN SAINT LEU D'ESSERENT;8, rue Marcel Paul;60340;SAINT LEU D'ESSERENT;1;14;2636
EMT 74 * MAIKE;480 rue des cygnes;74130;BONNEVILLE;1;14;2638
VOITH FRANCE;21, boulevard du Champy-Richardets;93160;NOISY LE GRAND;1;14;2639
SAUMAC;52, rue du CordeauZ.I.;77390;COURTOMER;1;14;2644
CASE NEW HOLLAND SITE DU PLESSIS BELLEVILLE * CNH;rue des Meuniers;60671;LE PLESSIS BELLEVILLE;1;14;2648
DS SMITH SITE DE KAYSERSBERG;75 Route de Lapoutroie;68240;KAYSERSBERG;1;14;2663
BERIEAU;2 RD 160Les 4 chemins de l'Oie;85140;Sainte Florence;1;14;2678
CASE NEW HOLLAND SITE DE TRACY LE MONT * CNH;28, rue Bailly;60170;TRACY LE MONT;1;14;2679
CASE NEW HOLLAND SITE DE SAINT DIZIER * CNH;Clos Saint jean;52115;SAINT DIZIER CEDEX;1;14;2680
MERCURIAL SITE DE NANTES;Impasse du Petit Châtelier;44300;NANTES;1;14;2681
MERCURIAL SITE DE TOULOUSE;99, route d'EspagneBât B;31100;TOULOUSE;1;14;2682
PROJECT MECANIQUE SITE DE VENDOME;10, rue Gustave Eiffel;41100;VENDOME;1;14;2686
PRECICAST SITE DE THORE LA ROCHELLE;24, rue du Maréchal de Rochambeau;41100;THORE LA ROCHELLE;1;14;2687
BOSCH AUTOMOTIVE STEERING SITE DE VENDOME;2, route de Blois;41100;VENDOME;1;14;2688
APERAM SITE DE PONT DE ROIDE;;25310;PONT DE ROIDE;1;14;2693
RTE * RESEAU DE TRANSPORT D'ÉLECTRICITÉ;tour initiale1, terrasse Bellini;92919;LA DEFENSE CEDEX;1;14;2700
INSITU - AGENCE RHÔNE - ALPES;Terre de Sienne - 7bis, rue des Aulnes;69410;Champagne au Mont d'Or;1;14;2701
RAJA;16, rue de l'Etang;95977;ROISSY EN FRANCE;1;14;2709
ASTF - ENERGIE;8, avenue du Val d'Or;33692;MERIGNAC CEDEX;1;14;2711
INOVELEC;Z.I. du LandryAllée Jacques Duclos;24750;BOULAZAC;1;14;2715
TOYOTA HANDLING SITE D'ANCENIS;ZAC de l'Aeropôle;44150;ANCENIS;1;14;2737
SETFORGE GAUVIN;ZI de Racine;63 650;La Monnerie-le-Montel;1;14;2750
OUTILAC;rue de la Justice;59330;HAUTMONT;1;14;2752
SOM * ORTEC;3, rue de la GalmyImmeuble Antarès   4°étage;77700;CHESSY;1;14;2753
MGA SITE DE VIRE;Zone d'Activité de la Papillonière;14500;VIRE;1;14;2757
FIMATEC SITE D'ORLEANS;&, rue de la Mouchetière;45142;SAINT JEAN DE LA RUELLE;1;14;2768
SIMELECTRO;30 rue du Professeur Louis NeelCS1012;21601;LONGVIC CEDEX;1;14;2773
BBA EMBALLAGES SITE DE BEZONS;41, rue Casimir Perier;95870;BEZONS;1;14;2789
ELECTROPOLI SITE DE BRON;6bis, rue Maryse BastiéParc St Exupéry;69500;BRON;1;14;2797
HUTCHINSON SITE DE PARIS;2, rue Balzac;75008;PARIS;1;14;2809
PAULSTRA HUTCHINSON SITE D'ETREPAGNY * HUTCHINSON;2, rue Turgot;27150;ETREPAGNY;1;14;2810
CONTINENTAL AUTOMOTIVE SITE DE FOIX;Z.I. de Permilhac;9000;FOIX;1;14;2813
LIGAPAL;17 rue du commerce;51350;cormontreuil;1;14;2814
MERCIER CLAUSSE;;25;PONT DE ROIDE;1;14;2816
HUTCHINSON SITE DE CHATEAU GONTIER;rue Gutenberg;53200;CHATEAU GONTIER;1;14;2818
HUTCHINSON SITE DE CHALETTE SUR LOING;507 Fab Houserue Gustave Nourry;45120;CHALETTE SUR LOING;1;14;2819
SEIC * SOCIÉTÉ D'IMPRESSION ET D'EDITION DU CENTRE;avenue Jean Monnet;71200;LE CREUSOT;1;14;2831
AREVA SITE DU CREUSOT;56, rue Clemenceau;71200;LE CREUSOT;1;14;2832
SEIC * SOCIÉTÉ D'EMBALLAGE INDUSTRIEL DU CHALONNAIS;24, rue des Rotondes;71880;CHATENOY LE ROYAL;1;14;2836
THIBAUDEAU;ZA de la Poterie;79700;MAULEON;1;14;2841
OPTIMEX;269 rue de Montepy;69210;FLEURIEUX SUR ARBRESLE;1;14;2842
BALAND;RD 813;47400;FAUGUEROLLES;1;14;2844
BHD INDUSTRIES SITE DE NORT SUR ERDRE;ZI de la Sanglerue de l'Atlantique;44390;NORT SUR ERDRE;1;14;2846
APPLITEC;60, rue de la Saône;1700;LES ECHETS;1;14;2847
VALSEM;6, impasse de la Cavée;60190;LACHELLE;1;14;2853
PRUVOT EMBALLAGE INDUSTRIEL;8, rue Aristide Briand;80120;FEUQUIERES EN VIMEU;1;14;2854
KAMPACC;24, rue de Chambray;37300;JOUE LES TOURS;1;14;2858
EMBALLAGE FONT;607 rue du canal;42320;LA GRAND CROIX;1;14;2861
CHEMINEES AXIS * SEGUIN;ZA de la Pellissière;1300;BELLEY;1;14;2863
DIETSWELL;Immeuble Le NaïdeParc Ariane 3;78280;GUYANCOURT;1;14;2867
HIMA ;1, allée LorentzParc de la Haute Maison;77420;CHAMPS SUR MARNE;1;14;2879
HONEYWELL SITE DE ST AUBIN;Parc Technologique de St AubinBât Le mercury;91190;SAINT AUBIN;1;14;2880
SAFIR;9, rue de la Bonne Rencontre;77860;QUINCY VOISINS;1;14;2883
TECHMA;21 - 23 rue du Petit Albi;95804;CERGY PONTOISE;1;14;2886
IT2M * INTERVENTION TECHNIQUE MÉCANIQUE MOBILE;7, rue François Arago;35340;LIFFRE;1;14;2888
CAISSERIE INDUSTRIELLE VELAY BERNARD;rue de la Croix Blanche;60117;VAUMOISE;1;14;2892
FROMM;rue de l'aviation;21121;DAROIS;1;14;2893
AUTOLIV CERGY;21, rue du Petit AlbiParc SILIC bât LE CERYNIE;95801;CERGY PONTOISE CEDEX;1;14;2910
TREMPELEC;405, rue de la Précision;74970;MARIGNIER;1;14;2911
AUTOLIV ELECTRONIC SAINT ETIENNE DU ROUVRAY;Boulevard Lénine;76800;SAINT ETIENNE DU ROUVRAY;1;14;2917
JAC INDUSTRIE;;42290;SORBIERS;1;14;2922
ADIAMAS * DIAM;;63550;PALLADUC;1;14;2925
EMC2 CLERMONT FERRAND;156 avenue du Brezet;63100;Clermont Ferrand;1;14;2946
NAVI DISCOUNT;32 résidence La Coquetière;91470;LES MOLIERES;1;14;2947
VEOLIA NANTES;6, rue Nathalie Sarraute;44205;NANTES Cedex;1;14;2974
VALEO BOBIGNY VISION;34, rue St André;93000;Bobigny;1;14;2980
TOYOTA MOTOR MANUFACTURING ONNAING;Parc d'activités de la vallée de l'Escaut Sud;59264;ONNAING;1;14;2981
ONET CHINON;6B, impasse Pierre LatécoèreZA Plaine des Vaux;37500;CHINON;1;14;2984
TEMECA * TECHNIQUES MÉCANIQUES;488, rue d'Arques;76510;SAINT NICOLAS D'ALIERMONT;1;14;2988
GESTAMP NOURY;9, impasse Denis Papin;77220;GRETZ ARMAINVILLIERS;1;14;2989
VALEO CHATELLERAULT VISION;2, rue Santos Dumont;86100;CHATELLERAULT;1;14;3004
DEVATEC;82, rue de feu Saint-Eloi;76550;AMBRUMESNIL;1;14;3008
AGENCE ID;ZAC des Bousquets101, rue de l'évolution;83390;CUERS;1;14;3014
ARMOR MECA;ZA de la Grignardais;22490;PLESLIN TRIGAVOU;1;14;3015
ARMOR MECA;ZA de la Grignardais;22490;PLESLIN TRIGAVOU;1;14;3015
BENTELER ALUMINIUM SYSTEMS SITE DE LOUVIERS;parc industriel d'Incarvillevoie de l'Ouvrage;27400;LOUVIERS;1;14;3016
VOLVO GROUP TRUCKS OPERATIONS;402 Avenue Charles de Gaulle 69635;69635;Venissieux;1;14;3054
EDM SODUSI;ZA LA PATINIERE;38 430;St Jean de Moirans;1;14;3105
ARCELOR MITTAL TUBULAR PRODUCTS SITE DE BERLIN;Niederlassung RavenéIndustriestrasse 32-35;DE-12099;BERLIN;5;14;1836
BECHEM GMBH;;;;5;14;2293
DAIMLER AG;Mercedes Benz Werk Gaggenau034-1214;76571;Gaggenau;5;14;2732
KNUEPPEL VERPACKUNGEN GMBH;Heidelberger Strasse 22;1189;Dresden;5;14;2756
NTIC EUROPE;;;;5;14;2907
SEANERGY MARITIME HOLDING CORP.;16, Grigoriou Labraki Str.;16674;GLYFADA,  ATHENS;102;14;2584
SCHNEIDER ELECTRIC SITE DE BUDAPEST;Hauszmann Alajos u. 3/B;1117;BUDAPEST;18;14;2350
CAT INDIA - HOSUR ;;;;117;14;3033
DCI COFRAS * COFRAS KUWAIT;;;;130;14;2130
THYSSEN KRUPP PRESTA LIECHTENSTEIN;Wirtschaftspark 37;9492;ESCHEN;1;14;1664
SOLICOM VERISAFE;Rue de Drinklange, 9;9911;TROISVIERGES;140;12;2457
IEC * INTERNATIONAL ENGINEERING & CONSTRUCTION SA;RUE DE NEUDORF 36;L 2222;;140;12;2821
BUREAU CENTER * MULTISPACE;37, rue Romain Fandel;4149;ESCH SUR ALZETTE;140;17;1184
ARCELOR MITTAL SITE DE BELVAL & DIFFERDANGE;site de Esch-Belval;L-4008;ESCH / ALZETTE;140;17;1506
CIRCUIT FOIL LUXEMBOURG SARL;"Zone Industrielle ""C"" - Salzbaach";L-9501;WILTZ;140;17;2602
ROTAREX * CEODEUX;24, rue de Diekirch;7505;LINTGEN;140;14;1663
ALLPACK SERVICES;Zone d'activités SALZBAACH;L-9559;WILTZ;140;14;1765
TEGRAL S.A.R.L.;1, avenue des bains;5610;MONDORF LES BAINS;140;14;2268
AMENDIS;;;TANGER;12;12;2855
GRM * GENDARMERIE ROYALE DU MAROC;;;;12;18;2702
MINDCO;3, rue 10 - MissiniHay Hassani;;Casablanca;12;3;1105
AUGE SAT MAROC;1, bd Hassan II;20800;Mohammedia;12;14;1158
LISI AEROSPACE CASABLANCA;AEROPOLE DE NOUACER;20400;CASABLANCA;12;14;2495
PONTICELLI NIGERIA LTD;Plot104/105 Rivoc Road Trand amadi Industrial layout;;PORT HARCOURT;169;3;2934
TOTAL E&P NIGERIA LIMITED;Total Onne Site. Oil and Gas Free ZoneFederal Lighter Terminal (FTL);;ONNE;169;3;2936
NOV NIGERIA;katia gardens,2nd floorPlot 1676, oladele Olashore St.;;Lagos;169;3;2937
TOTAL UPSTREAM NIGERIA LIMITED;Eko towers Plot 1415-E Adetokunbo Ademola Street;;Victoria Island Lagos;169;3;2938
TOTAL NIGERIA PLC;4, Churchgate Street, Victoria Island RC: 1396P.M.B.2143, Marina;;Lagos;169;3;2939
CFAO YAMAHA MOTOR NIGERIA LTD;Plot 2&4, Block D, Amuwo-Odofin Industrial Scheme,Apapa - Oshodi Expressway;;Lagos;169;3;2940
BOURBON INTEROIL NIGERIA LTD;10a/10b Lugard Avenueoff Alfred Rewane Road, Ikoyi;;Lagos;169;3;2941
BUSINESS FRANCE;1 Oyinkan Abayomi DrivePMB 12665 Ikoyi;;Lagos;169;3;2942
OWEL- LINKSO GROUP NIGERIA;Plot 293, Akin Olugbade Streetoff Adeola Odeku Street Victoria Island;;Lagos;169;3;2943
SPIE NIGERIA LIMITED;55 Trans Amadi Industrial LayoutPort Harcourt;;Rivers state;169;3;2944
AMBER RESOURCES NIGERIA LIMITED;72, Alahun Osunba StreetKirikiri Industrial Estate, Amuwo Odofin;;Lagos;169;3;2945
INTELS NIGERIA LIMITED OIL & GAS;Enterprise House Road south, FOTOnne Oil &Gas Free zone;;ONNE;169;14;2935
SOLUTECH ENGINEERING;;;;1;6;1915
AUSTRALYS;;98895;NOUMEA;1;14;1381
NEURINO INTERACTIVE SOLUTIONS;ul. Inzynierska 15;93-569;Lódz;1;14;2204
MECAPLAST SITE DE MONACO;4-6  Bloc Cavenue Albert II;98014;MONACO;1;14;2305
ISKRA AVTOELEKTRIKA;Polje 15;5290;Slovenija;1;14;1483
IBEROECONOMICS SA;Consejo de Ciento 373 2-1;;Barcelona;1;14;2080
EUROECONOMICS S.A.;;;;1;14;2160
IFAR S.L.;Rambla Cataluña, 60, principal 1a;8007;Barcelona;1;14;2178
ABB SITE DE GENEVE;ZI de Meyrin Satigny;CH-1217;Genève;1;14;1101
PANERAI;ROUTE DE PIERRE 0 BOT _è;CH2000;NEUCHATEL;1;14;2575
OFFICINE PANERAI;route de pierre a bot;2000;neuchatel;1;14;2600
ABB B.V. SITE DE DELFT;Olaf Palmestraat 6;2616 LM;Delft;17;8;3
AUTOBAR FLEXIBLE HOLLAND B.V.;P.O. Box 146;8430 AC;Oosterwolde;17;8;78
AVEK BV;Emrikweg 6;2031 BT;Haarlem;17;8;81
B&W KLAVER BV;P.O. Box 35;7957 ZG;De Wijk;17;8;88
BAKKER SLIEDRECHT ELECTRO INDUSTRIE B.V.;P.O. Box 25;3360 AA;Sliedrecht;17;8;90
BERCOMEX BV;P.O. Box 36;1695 ZG;Hoorn;17;8;101
BODEWES WINCHES BV;P.O. Box 67;2910 AB;Nieuwekerk a/d IJssel;17;8;108
BRANDT FIJNMECHANISCHE INDUSTRIE B.V.;De Strubbenweg 15;1327 GB;Almere;17;8;122
BRINKS METAALBEWERKING BV;P.O. Box 65;7670 AB;Vriezenveen;17;8;128
BUHL FIJNMETAALBEWERKING BV;Oosterengweg 38;1221 JV;Hilversum;17;8;133
BUMET BV;P.O. Box 153;5590 AD;Heeze;17;8;135
CADER BV;P.O. Box 279;5683 CT;Best;17;8;138
CATERPILLAR WORK TOOLS BV;P.O. Box 3100;5203 DC;Den Bosch;17;8;147
COMBI-PACK;P.O. Box 149;5684 PP;Best;17;8;200
CONVOI B.V.;P.O. Box 194;6170 AD;Stein;17;8;209
CORUS FEIJEN SERVICE CENTER;P.O. Box 3040;6202 NA;Maastricht;17;8;215
CORUS TUBES BV;P.O. Box 5030;6802 EA;Arnhem;17;8;217
DAF TRUCKS N.V.;Hugo van der Goeslaan 1;5600 PT;Eindhoven;17;8;223
DE HAAN MACHINEFABRIEK;'t Zeegsveld 5;8141 NT;Heino;17;8;233
DE RIDDER BV;Lorentzstraat 36-38;3840 AJ;Harderwijk;17;8;234
DE ROOY SLIJPCENTRUM;Hofstraat 145a;5641 TD;Eindhoven;17;8;235
DE VRIES SCHEEPSBOUW B.V.;P.O. Box 258;1430 AG;Aalsmeer;17;8;236
DEKKER PACKAGING B.V.;Zenderstraat 27;1305 AH;Almere;17;8;242
DRENT GOEBEL HOLLAND;P.O. Box 9;6960 AA;Eerbeek;17;8;258
DTS ZWOLLE;Hanzelaan 95;8017 JE;Zwolle;17;8;261
DUIKER MECHANICAL BV;P.O. Box 27;2718 RH;Zoetermeer;17;8;263
GHM;P.O. Box 121;3870 CC;Hoevelaken;17;8;269
ECONOSTO NEDERLAND BV;P.O. Box 8988;3009 TJ;Rotterdam;17;8;272
ERGON BV;P.O. Box 601;5600 AP;Eindhoven;17;8;292
EXECUTIVE MANAGEMENT TRUST BV;P.O. Box 87459;1080 13;Amsterdam;17;8;311
EXERION PRECISION TECHNOLOGY ULFT B.V.;De Hogenkamp 16;7071 EC;Ulft;17;8;312
FISCHCON BV;P.O. Box 231;4130 EE;Vianen;17;8;334
FLADDERAK BV;P.O. Box 339;2600 AH;Delft;17;8;336
FLEXTRONICS BV;Maasheseweg 87a;5804 AB;Venray;17;8;337
GAZ DE FRANCE BV;P.O. Box 474;2700 AL;Zoetermeer;17;8;378
GE ENERGY BV;P.O. Box 167;7600 AD;Almelo;17;8;379
GIETBURG BV;P.O. Box 101;5854 ZJ;Nieuw Bergen;17;8;396
GITRA COMPONENTS BV;Kerkstraat 92;6996 AJ;Drempt;17;8;400
GOMA BV;Ruurloseweg 80aP.O. Box 8;7255 ZG;Hengelo - Gld.;17;8;405
GRASSO PRODUCTS B.V.;P.O. Box 343;5201 AH;Den Bosch;17;8;410
HABETS BV;Hunnecum 33;6361 EE;Nuth;17;8;421
ZF WIND POWER ANTWERPEN NV;Leonardo da Vincilaan 1;B-2650;Edegem;17;8;426
HEGIN BV;P.O. Box 26;8180 AA;Heerde;17;8;429
HELGO PRECISIE BV;Wolweverstraat 27-29;2984 CE;Ridderkerk;17;8;430
HETTINGA SNEEK BV;P.O. Box 67Zeilmakersstraat 39;8600 AB;Sneek;17;8;435
HIAB MANUFACTURING B.V.;P.O. Box 1086;7942 HR;Meppel;17;8;437
HOOGLAND MENNENS BV;Wieldrechtseweg 24;3316 BG;Dordrecht;17;8;440
HORN & BAUER;Paasberglaan 2;5628 DN;Eindhoven;17;8;443
INDUMES BV;Haanwijk 1;5271 VG;Sint Michielsgestel;17;8;457
INDUSTRIAL LUBRICANTS & SERVICES;Braingate, Rivium Blrd 301;;Capelle a/d IJssel;17;8;458
IONBOND NETHERLANDS BV;Groethofstraat 22b;5916 PB;Venlo;17;8;463
IPP BV INTERNATIONAL PACKAGING & PLASTIC;P.O. Box 91;1170 AC;Badhoevedorp;17;8;464
IRO;P. O. Box 7261;2701 AG;Zoetermeer;17;8;466
ITS VERPAKKINGSTECHNIEK;Koperweg 11 d;2401 LH;Alphen aan de Rijn;17;8;471
JAKOM CUIJK BV;P.O. Box 359;5430 AJ;Ulft;17;8;473
KAMSTRUP BV;Leigraafseweg 4;6983 BP;Doesburg;17;8;486
KHZ INDUSTRIELE VERPAKKERS;P. O. Box 354;2400 AJ;Alphen a/d Rijn;17;8;490
KIN MACHINEBOUW B.V.;P.O. Box 157;5120 AD;Rijen;17;8;491
KLUTHE BENELUX BV;P.O.Box 312;2400 AH;Alphen a/d Rijn;17;8;492
KNOBBE METAALINDUSTRIE HENGELO BV;Wegtersweg 41;7556 BP;Hengelo;17;8;493
KONI BV;Langeweg 1;3260 AA;Oud Beyerland;17;8;494
KS PROFIEL B.V.;P.O. Box 6003;4780 LA;Moerdijk;17;8;495
LANDUSTRIE SNEEK BV;P.O. Box 199;8600 AD;Sneek;17;8;506
LAURA METAAL BV;Rimburgerweg  40;6471 XX;Eygelshoven;17;8;508
LINDOR BV;P.O. Box 1101;3300 BC;Dordrecht;17;8;515
AURUBIS BV;P.O. Box 2;7200 AA;Zutphen;17;8;527
MACHINEFABRIEK BOESSENKOOL BV;Turfkade 13;7602 PA;Almelo;17;8;531
MACHINEFABRIEK DE VALK;De Vets 76;5555 XP;Valkenswaard;17;8;532
MACHINEFABRIEK VAN WERDE BV;'t Inne 10Industrieterrein Meemortel;6021 DA;Budel;17;8;536
MAFO HOLTKAMP B.V.;P.O. Box 212;7700 AE;Almelo;17;8;537
MAKU PRODUCTS B.V.;denekamperstraat 42;7588 PW;Beuningen;17;8;542
MDG TECHNIEK BV;Sextantstraat 51;2901 ZZ;Capelle aan de IJssel;17;8;561
METAALWARENFABRIEK LATENSTEIN BV;Latensteinse Middenweg 2;4005 EJ;Tiel;17;8;585
WALKIMEUWISSEN BV;Waarderweg 122;2031 BS;Haarlem;17;8;597
MINIGRIP NEDERLAND BV;Industrieweg 14;3881 LB;Putten;17;8;604
MOKVELD BV;P.O. Box 227;2800 AE;Gouda;17;8;609
NEDAP NV;P.O. Box 105;7140 AC;Groenlo;17;8;625
NEDCAR BV;Dr. Hub van Doorneweg 1;6121 RD;Born;17;8;626
NEFIT INDUSTRIAL B.V.;Zweedsestraat 1;7400 AA;Deventer;17;8;629
NIJDRA GROEP;P.O. Box 85;1462 ZH;Middenbeemster;17;8;631
NN EUROPE BV;P.O. Box 101;3900 AC;Veenendaal;17;8;634
NORMA BV;P.O. Box 531;7550 AM;Hengelo;17;8;636
NOVAMONT BV;PO box 95577;2509 CN;Den Haag;17;8;639
OCE TECHNOLOGIES B.V.;P.O. Box 101;5900 MA;Venlo;17;8;650
ODS BV;P.O. Box 69;2990 AB;Barendrecht;17;8;651
OERLEMANS PLASTICS B.V.;Kleibergsestraat 4;4265 GB;Genderen;17;8;653
OVEREEM B.V.;P.O. Box 423;6710 BK;Ede;17;8;669
PACTIV NEDERLAND B.V.;P.O. Box 32;6960 AA;Eerbeek;17;8;674
PHILIPS APPLIED TECHNOLOGIES PACKAGING D;P. O. Box 218;5600 MD;Eindhoven;17;8;705
PHILIPS DRACHTEN;;;;17;8;706
PHILIPS MEDICAL SYSTEMS;;;;17;8;708
PHILIPS MOBILE DISPLAY;;;Heerlen;17;8;709
PLASTHILL BV;Weerlaan 13;2181 HG;Hillegom;17;8;715
POWER-PACKER BV;P.O. Box 327;7570 AH;Oldenzaal;17;8;723
PRIEMA BV;Zuiderinslag 22;3871 MR;Hoevelaken;17;8;730
RAMAKERS INDUSTRIELE VERPAKKINGEN BV;P.O. Box 11;5087 ZG;Diessen;17;8;743
RECTICEL BV;P.O. Box 726;4116 ZJ;Buren;17;8;748
RED POINT ALLOYS BV;Radonstraat 2;2718 TA;Zoetermeer;17;8;750
SAB PROFIEL BV;P.O. Box 97;3400 AB;IJsselstein;17;8;774
SAFAN BV;P.O. Box 96;7240 AB;Lochem;17;8;776
SANDFIRDEN BV;Haventerrein 1;1779 GS;Den Oever;17;8;785
SCHEUTEN GLASGROEP BV;P.O. Box 22;5900 AA;Venlo;17;8;795
SCHOLTEN & DE VRIES - ESTOPPEY B.V.;Wijkermeerweg 49;1948 NT;Beverwijk;17;8;796
SIEMENS DEMAG DELAVAL BV;Lansinkesweg 1;7553 AE;Hengelo (Ov.);17;8;826
SORBA CONTOUR;P.O. Box 54;7100 AB;Winterswijk;17;8;888
SPLASH DESIGN BV;P.O. Box 122;5400 AC;Veghel;17;8;897
STECO BV;Wolweg 34;3776 LP;Stroe;17;8;908
STORK TURBO BLADING BV;Kamerlingh Onnestraat 21;8606 JN;Sneek;17;8;913
TACX INTERNATIONAL BV;Rijksstraatweg 52;2241 BW;Wassenaar;17;8;924
THALES BV;P.O. Box 42;7554 PA;Hengelo;17;8;928
THAVO METAALINDUSTRIE BV;P.O. Box 118;5680 AC;Best;17;8;929
THERMO QUALITY CONTROL B.V.;P.O. Box 50;2760 AB;Zevenhuizen;17;8;931
THOMASSEN COMPRESSION SYSTEMS BV;P.O. Box 99;6990 AB;Rheden;17;8;934
THOMASSEN MACHINING BV;P.O. Box 118;6990 AC7;Rheden;17;8;935
TNO INDUSTRIE EN TECHNIEK;P.O. Box  6235;5600 HE;Eindhoven;17;8;945
TROMPACKING BV;;;Eindhoven;17;8;957
UNITED SPRINGS B.V. * SOGEFI;P.O. Box 50;7550 AB;Hengelo;17;8;974
URENCO ENRICHMENT TECHNOLOGY BV;P.O. Box 158;7601 PJ;Almelo;17;8;978
BOSCH TRANSMISSION BV;Hub van Doornelaan 1;;Tilburg;17;8;992
VAN GENNIP VERPAKKINGEN BV;Bedrijventerrein Esp;5602 BC;Eindhoven;17;8;993
VAN LEEUWEN BUIZEN - DIV. CONSTRUCTIE;P.O. Box 1;;;17;8;996
VAN VEGHEL INDUSTRIAL PACKAGING;Dirk Boutslaan 28;5613 LH;Eindhoven;17;8;1000
VARCO BJ B.V.;Postbus 17;4870 AA;Etten-Leur;17;8;1003
VDL BOVA BV;P.O. Box 5;5550 AA;Valkenswaard;17;8;1006
VDL BUS INTERNATIONAL BV;Hoevenweg 1;;Eindhoven;17;8;1007
VDS TECHNISHE INDUSTRIE BV;P.O. Box 62;5527 AJ;Hapert;17;8;1008
VECOM METAL TREATMENT BV;Postbus 27;3140 AA;Maassluis;17;8;1009
VENROOY CABLE EQUIPMENT B.V.;Madame Curieweg 4;5482 TL;Schijndel;17;8;1012
VERPAKKINGSINDUSTRIE SCHIJNDEL BV;Industrieterrein Duin IIVan Leeuwenhoekweg 35;5482 TK;Schijndel;17;8;1014
VOLVO CARS CORPORATION;Graanmolen 9 - 11;6229 PA;Maastricht;17;8;1023
WAERTSILAE NEDERLAND B.V.;;;;17;8;1027
WAERTSILAE PROPULSION NETHERLANDS BV;De Koumen 1;6433 KG;Hoensbroek;17;8;1028
WAERTSILAE SERVICE CENTER;P.O. Box 10608;8000 GB;Zwolle;17;8;1029
WBM BV;P.O. Box 3108;6039 ZG;Stramproy;17;8;1033
KLM NV;Anthony Fokker Business ParkAMB Hal 3B;1117 ZL;Oude Meer;17;8;1066
VAN OORD DREDGING & MARINE CONTRACTORS BV;Watermanweg 64;3009 AN;Rotterdam;17;8;1091
AVN SLIJPMATERIALEN BV;Hogerwerf 7;4704 RV;Roosendaal;17;8;1092
MME GROUP;Rietdekkerstraat 16;2980 GE;Ridderkerk;17;8;1161
DAMEN MARINE COMPONENTS;Nijverheidsstraat 8;3371 XE;Hardinxveld-Giessendam;17;8;1163
VDL KLIMA;Meerenakkerweg 30;5652 AV;Eindhoven;17;8;1165
BUNZL BV;Bedrijventerrein IJsseloord 2Delta 2;6802 CC;Arnhem;17;8;1168
VALIDUS TECHNOLOGIES;2e Loosterweg 155;;Hillegom;17;8;1169
CHROMALLOY BV;Siriusstraat 55;5015 BT;Tilburg 5015 BT;17;8;1171
INDUSTRIELINQ;;;Amsterdam;17;8;1179
AEGIR MARINE BV;Molenvliet 34;3961 MV;Wijk bij Duurstede;17;8;1201
MORPAK BV;Gebbelsweg 24;6035 EA;Ospel;17;8;1276
EWALS CARGO CARE BV;Ariënsstraat 61 - 63;5931 HM;Tegelen;17;8;1277
VDB MACHINEFABRIEK BV;Den Belleman 11;5571 NR;Bergeijk;17;8;1278
HOLMATRO ASSEMBLY BV;Zalmweg 30;4940 AA;Raamsdonkveer;17;8;1280
ADVANCED LABEL TECHNOLOGY BV;St. Laurensdreef 40;3506 GT;Utrecht;17;8;1281
STORK FOKKER AESP BV;Industrieweg 1;3350 AA;Papendrecht;17;8;1286
TXTEN;Smaragdhof 1;1339 HR;Almere;17;8;1288
HEAT EXCHANGE SERVICES BV;Kon. Wilhelminahaven ZZ 18-25;3134 KG;Vlaardingen;17;8;1290
VERBAAN TANDWIELEN- & MACHINEFABRIEK BV;Edisonweg 17;4200 AR;Gorinchem;17;8;1291
COLLAPSIBLE CONTAINERS BV;High Tech Campus 9;5600 AT;Eindhoven;17;8;1292
SKF MAINTENANCE PRODUCTS;Sevice DivisionKelvinbaan 16;3430 BA;Nieuwegein;17;8;1294
C&T TECHNICS BV;Frontstraat 12a;5405 AK;Uden;17;8;1297
STRACO WASPIK BV;Hooiweg 10;5165 ZH;Waspik;17;8;1298
VAREKAMP INDUSTRIELE VERPAKKINGEN BV;Zalmweg 31;4900 AA;Raamsdonkveer;17;8;1299
ERIKS BV;Voormeer 33;1800 BK;Alkmaar;17;8;1301
EUROPEAN PNEUMATIC COMPONENT OVERHAUL & REPAIR BV;Bellsingel 41;1119 NT;Schiphol-Rijk;17;8;1303
NAMASCOR BV;Industrieterrein MoerdijkOostelijke Randweg 44-46;4782 PZ;Moerdijk;17;8;1313
HOVENS COLLIN VERPAKKINGEN BV;Huiskensstraat 57;5916 PN;Venlo;17;8;1328
FIDES GROUP BV;;7073 DM;Beek;17;8;1329
RUMA RUBBER BV;Lindberghstraat 49;7903 BM;Hoogeveen;17;8;1367
SPIROTECH BV;Churchilllaan 52;5700 AE;Helmond;17;8;1489
STICHTING TECHNICAL BENEFITS;Boerhavelaan 40;2700 AD;Zoetermeer;17;8;1505
VDL ENABLING TECHNOLOGIES GROUP ALMELO BV;Bornsestraat 345;7600 AD;Almelo;17;8;1549
VDL ENABLING TECHNOLOGIES GROUP EINDHOVEN BV;Achtseweg Noord 5 / Building AK-I;5600 JW;Eindhoven;17;8;1550
RANPAK BV;Sourethweg 4-6;6400 AC;Heerlen;17;8;1572
NAM MACHINEFABRIEK BV;Asterweg 16;1031 HN;Amsterdam;17;8;1938
SAVAL BV;Huifakkerstraat 22;4815 PN;Breda;17;8;1949
SAVAL BV;Huifakkerstraat 22;4815 PN;Breda;17;8;1949
VOVU METAALBWERERKING BV;Rietdekkerstraat 1;5405 AX;Uden;17;8;1959
FOLDY PAC EUROPE BV;Prof. Lorentzweg 8;5144 NP;Waalwijk;17;8;1972
SECOA BV;Bunsenstraat 21;3316 GC;Dordrecht;17;8;2067
FOKKER AEROSTRUCTURES BV;;7903 AN;Hoogeveen;17;8;2069
HYDRO-CARBONS BV;Keteldiep 14;8321 MH;Urk;17;8;2081
FEI COMPANY BV;Achtseweg Noord 5   Eindhoven;5651 GG;Eindhoven;17;8;2103
LINCOLN SMITWELD B.V.;Nieuwe Dukenburgseweg 20;6534 AD;Nijmegen;17;8;2104
EATON INDUSTRIES NEDERLAND BV;Hydraulics Operations, EMEAHoppenkuil 6;5602 LS;Eindhoven;17;8;2144
GIETERIJ DOESBURG BV;Barend Ubbinkweg 2;6981 EC;Doesburg;17;8;2192
IST MARINE SERVICE GROUPE;Kotterstraat 2;3133 KW;VLAARDINGEN;17;8;2230
PAXPRING;Achteromstraat 8a;1381 AV;WEESP;17;8;2397
MOURIK SERVICES BV;Nieuwesluisweg 110;3197 KV;Botlek - Rotterdam;17;8;2415
FMJ NW BV;TT Melissaweg 15;1033 SP;Amsterdam;17;8;2425
VCN MASS TURNING BV;Branderij 5;9351 NX;Leek;17;8;2430
EUROPE STEEL CENTER;;;;17;8;2458
DIESEL BUECHLI BV;Fahrenheitstraat 35;3846 CC;Harderwijk;17;8;2462
NI6EEGSCHE IJZERGIETERIJ BV;Lindenhoutseweg 26;6500 AP;Nijmegen;17;8;2503
SANDERS GEARS CASTINGS MACHINING BV;Whheweg 24;7471 EW;Goor;17;8;2504
WOUTER WITZEL BV;Industrieterrein De Pol 12;7581 CZ;Losser;17;8;2507
RADU;Zeemanstraat 11a-13;2991;XR BARENDRECHT;17;8;2556
DOESBURG COMPONENTS BV;De Flammert 1115;5854 NB;Nieuw Bergen;17;8;2590
BBA POMPEN & BUIZEN;Zutphensestraat 242-246;7325;WV APELDOORN;17;8;2601
KING METAAL BV;Edisonstraat 13;8800 AM;Franeker;17;8;2670
BOSCH TECHNIEK BV;Printer 21;7741 ME;COEVORDEN;17;8;2707
MARINE PROVIDORING AGENCIES * MPA;Tinnegieterstraat 15;3134 AL;HOOGVLIET / ROTTERDAM;17;8;2759
PRATT & WHITNEY AERO ENGINES INTL. SERVICES GMBH;Marco Poloweg 28;5928 LE;Venlo;17;8;2799
IMATECH BV;Christiaan Huygensweg 24;3225 LD;HELLEVOETSLUIS;17;8;2812
MAN PRIMSERV;;;;17;8;2815
PAKIMPEX;De Gaffel 24 ;9206;AW DRACHTEN;17;8;2823
ZANTEN B.V.;Kennedylaan 24;5466;AA VEGHEL;17;8;2857
AVC SEALING SOLUTIONS;De Steiger 82;1305 AA;Almere-Haven;17;8;2909
HOUTTUIN B.V.;Sluisstraat 12;7491 GA;Delden;17;8;2954
HOEKMAN HOUTINDUSTRIE BV;Spinnerstraat 19;7460 AC;Rijssen;17;8;3093
MAATS PIPELINE EQUIPMENT BV;Breukersweg 4;7471 ST;Goor;17;14;1343
THYSSENKRUPP MATERIALS VEGHEL NEDERLAND BV;Taylorweg 7;5466 AE;VEGHEL;17;14;1363
LONDEN VAN HOLLAND BV;;;Amsterdam;17;14;1368
AZ HOLLINK BV;Laan van de Ram 49;7324 BW;Apeldoorn;17;14;1425
HOFFMANN GROUP GEBO;Platinastraat 110;7554 NB;Hengelo;17;14;1430
CSPS BV;Torenstraat 47;3281 XN;Numansdorp;17;14;1453
ACCSYS TECHNOLOGIES  BV;Westervoortsedijk 73;6802 CC;Arnhem;17;14;1488
CHOCK DESIGN BV;;2980 AC;Ridderkerk;17;14;1490
ROLLS ROYCE MARINE BENELUX BV;Werfdijk 2;3195 HV;Pernis;17;14;1496
LANKHORST RECYCLING BV;Prinsengracht 2;8607 AD;Sneek;17;14;1546
DE KRUYFF INTERNATIONAL BV;Pelgrimweg 29;7011 BH;Gaanderen;17;14;1547
MPP SYSTEMS - ROSSMARK;Celsiusstraat 34;6716 BZ;Ede;17;14;1618
NEDCOAT ROERMOND BV;Randweg 13;6045 JK;Roermond;17;14;1639
NEDSCHROEF HELMOND B.V.;Kanaaldijk NW 71;5700 AA;Helmond;17;14;1652
PARKER HANNIFIN MFG NETHERLAND BV;STIELTJESWEG 8;6827 BV;Arnhem;17;14;1671
2XPO BV;Diezekade 2;5201 AK;Den Bosch;17;14;1672
ROTOM NEDERLAND BV;Ekkersrijt 1428;5692 AK;Son;17;14;1674
BM MECHANICAL COMPONENTS BV;Transportcentrum 10;5835 CT;Beugen;17;14;1746
TROMP VERPAKKING PARTNERS BV;Platijnweg 2a;4104 BB;Culemborg;17;14;1752
WITTE VAN MOORT BV;Westeinde 632;7671 CW;Vriezenveen;17;14;1809
SITA REENERGY BV;Potendreef 2;4703 RK;Roozendaal;17;14;1834
ZF MARINE KRIMPEN BV;Zaag 27;2930 AA;Krimpen a/d/ IJssel;17;14;1839
CPM EUROPE BV;Distelweg 89;1031 HD;Amsterdam;17;14;1841
HFI BV;Industrieweg 25;7141 CX;Groenlo;17;14;1846
VAN DOORN PARTS SUPPLY BV;van Weerden Poelmanweg 19;3088 EA;Rotterdam;17;14;1847
METALAS CLEANING SYSTEMS BV;James Wattweg 28;3133 KK;Vlaardingen;17;14;1885
THILOT HOLLAND BV;Hoofdstraat 11-17;5973 ND;Lottum;17;14;1903
TXTEN;Bolderweg 2;1332 AT;Almere;17;14;1918
STOKVIS TAPES NETHERLANDS BV;Van Hennaertweg 10;2952 CA;Alblasserdam;17;14;1961
GOSS CONTIWEB BV;Ir. Wagterstraat 10;5831 AZ;Boxmeer;17;14;1971
VAN DER PEI13 TECHNIEK MIDDELBURG BV;Herculesweg 21;4338 PL;Middelburg;17;14;1980
VISSCHERHOLLAND BV;Korte Venen 7;8331 TG;Steenwijk;17;14;2003
NN NETHERLANDS BV;De Smalle Zijde 1b;3903 LL;Veenendaal;17;14;2091
BOZ GROUP;Bongaertsweg 8;4612 PL;Bergen op Zoom;17;14;2092
SAM PRECISION BV;Hulsbos 6;5431 NZ;Cuijk;17;14;2093
MEILINK INDUSTRIELE VERPAKKINGEN BOXMEER BV;Industriestraat 1;5831 H;Boxmeer;17;14;2134
INNOVAR BV;Ambachtsweg 23;;Eindhoven;17;14;2141
VAN BILSEN BV;;;;17;14;2162
MACHINEFABRIEK VAN DER VELDE & BOERHOF BV;Industrieweg 13c;8426 AB;Appelscha;17;14;2214
CONTOUR COVERING TECHNOLOGY BV;Industrieweg 20;7102 DZ;Winterswijk;17;14;2217
HODI VERPAKKINGSMATERIALEN BV;Kernreactorstraat 1;3903 LG;Veenendaal;17;14;2245
VOLLENHOVEN OLIE TECHNOLOGIE;De Kroonstraat 48;5048 AP;Tilburg;17;14;2252
IM  MACHINING BV;Steenstraat 5-7;5107 NE;Dongen;17;14;2281
ITANKS;Scheepsbouwweg 11;3089 JW;Rotterdam;17;14;2284
MAAS COATING GROEP;Bosschebaan 56;5384 VZ;Heesch;17;14;2296
APM BV;Handelsstraat 36 A;7482 GW;Haaksbergen;17;14;2302
BERCO TRUCK COMPONENTS BV;Newtonweg 8;5480 AG;Schijndel;17;14;2304
BANGMA VERPAKKINGEN BV;Staalweg 21;8251 JP;Dronten;17;14;2308
BREMAN MACHINERY BV;Sasdijk 20;8281 BM;Genemuiden;17;14;2309
ALCOCHEM BV;Zeilmaker 4;3861 SM;Nijkerk;17;14;2319
ROYAL HASKONINGDHV;Jonkerbosplein 52;6534 AB;Nijmegen;17;14;2324
VAN GOSSENBERG;Hogelandseweg 68-70;6545 AB;Nijmegen;17;14;2345
DHATEC BV;Elskensakker 8;5571 SK;Bergeijk;17;14;2354
ESSENTRA COMPONENTS BV;Den Belleman 9;5571 NR;Bergeijk;17;14;2355
GOORSENBERG BV;Hogelandseweg 68;6545 AB;Nijmegen;17;14;2362
MERCON STEEL STRUCTURES BV;Krinkelwinkel 6-8;4202 LN;Gorinchem;17;14;2363
KH ENGINEERING BV;Jan Van Galenstraat 2;3115 JG;Schiedam;17;14;2366
AEG POWER SOLUTIONS BV;Weerenweg 29;1160 AB;Zwanenburg;17;14;2367
VALVE SERVICE TEAM;;;;17;14;2372
TANKTERMINAL.COM;Hoefsmidstraat 41;3194 AA;ROTTERDAM-HOOGVLIET;17;14;2378
ADESSO VALVE CV;Terwenakker 25;3011 XX;Rotterdam;17;14;2380
TCI CLEANING;Centaurusweg 67;5015 TC;Tilburg;17;14;2391
GEARBOX SERVICES INTERNATIONAL;H. Boerhaavestraat 2;3261 ME;Oud-Beyerland;17;14;2392
PRINS METALLURGISCHE PRODUCTEN B.V.;Spoetnik 60;3824 MG;Amersfoort;17;14;2402
BP RAFFINADERIJ ROTTERDAM BV;d' Arcyweg 76Havennummer 6425;3198 NA;Rotterdam;17;14;2416
SPIE NEDERLAND BV;Division IndustryHuifakkerstraat 15;4815 PN;Breda;17;14;2417
C-CUBE INTL. BV;Molengraaffsingel 12-14;2629 JD;Delft;17;14;2431
COFELY FABRICOM NV;Industrieweg 16;1850;Grimbergen;17;14;2439
UTT PROCUREMENT B.V.;Kerkweg 47D;3214;VC ZUIDLAND;17;14;2456
NEDERLANDSE AARDOLIE MAATSCHAPPIJ BV;Schepersmaat 2;9400 AH;Assen;17;14;2479
ZEEUWS VLAAMSCHE GIETERIJ BV;Westkade 18Havennummer 4231;4550 AA;Sas-van-Gent;17;14;2505
YARA SLUISKIL B.V;Industrieweg 10;4541 HJ;Sluiskil;17;14;2521
ATB-ANTIBA BV;;;;17;14;2526
INTER OCEAN SERVICES;Koperslagerij 19;4762;AR ZEVENBERGEN;17;14;2557
MWA BV;Talhoutweg 19;8171 MB;Vaassen;17;14;2563
PAINT IT;Da Vincilaan 25;6716;EDE;17;14;2594
WARTSILA SITE DE KAMPEN;Genuakade 8;8263;KAMPEN;17;14;2685
HEUDRA METAALBERWERKING BV;Industrieweg 6;;Ochten;17;14;2696
SABA DINXPERLO BV;Weversstraat 6;7091 CM;Dinxperlo;17;14;2730
FAWIC BV;Twentsepoortn West 9;7609 RD;Almelo;17;14;2755
KOEMANS VERPAKKINGEN BV;Nieuwe Gouwe O.Z. 1;2801 SB;Gouda;17;14;2776
PRONOMAR BV;Noordereinde 88C;3341 LW;Hendrik-Ido-Ambacht;17;14;2784
SAPA PROFILES NL;Alcoalaan 1;5151 RW;Drunen;17;14;2790
BOMACON;Ampèrestraat 12;6003 DJ;Weert;17;14;2806
COATINC ROERMOND BV;Randweg 13Industriezone 8041;6045 JK;Roermond;17;14;2807
PROVITE;;;;17;14;2849
ALLIED MOTION DORDRECHT BV;Opaal 600;3316 LE;Dordrecht;17;14;2859
KLIP BV;van Markenstraat 2;2940 AA;Lekkerkerk;17;14;2902
HOLLAND  MECHANICS B.V.;Flevostraat ;1442 PZ;Purmerend;17;14;2914
GOUDA HOLLAND BV;Galoord;2851 AW;Haastrecht;17;14;2915
KSB NEDERLAND BV;Wilgenlaan 68;1161 JN;Zwanenburg;17;14;2920
MCB BV;John F Kennedylaan 59;5555 XC;Valkenswaard;17;14;2926
KELVION MACHINE COOLING BV;Draaibrugweg 15;1332 AB;Almere;17;14;2927
UPS SCS NEDERLAND BV;Marco Poloweg 28;5928;LE VENLO;17;14;2951
MORS SMITT B.V.;Vrieslantlaan 6;3526 AA ;Utrecht;17;14;2952
NORTHROP GRUMMAN SPERRY MARINE B.V.;Haringbuisweg 29;3133 KP;Vlaardingen;17;14;2953
KALTENBACH SHOTBLAST AND PAINTING SYSTEMS B.V.;Pruisische Veldweg 20;7552 AC;HENGELO OV;17;14;2955
ALLRIG BV;Vreekesweid 29-31;1721 PP; BROEK OP LANGEDIJK ;17;14;2957
FERDINAND VOS METAALINDUSTRIE BV;Harlingerweg 49-B;8801 PA;Franeker;17;14;2964
A. LEERING ENSCHEDE PLASMASNIJDEN B.V.;Kanaalstraat 151;7547 AR;ENSCHEDE;17;14;2965
FERRO TECHNIEK B.V.;Bremstraat 1;7011 AT;Gaanderen;17;14;2966
GEBREMA METAALWAREN BV;;;;17;14;3021
ELLIS ENTERPRISES B.V.;;;;17;14;3032
CONSOLIDATED MOTOR SPARES;Artemisweg 245;8239 DD;Lelystad;17;14;3036
SUPLACON BV;Asseemblageweg 11;8304 BB;Emmeloord;17;14;3069
A.S.I. SOEST BV;Nieuwe Gracht 15;3763 LP;Soest;17;14;3070
STORK METAAL BV;Industrieweg 16;3762 EK;Soest;17;14;3071
MGG NETHERLANDS BV;De Flammert 1208;5854 NC;Nieuw-Bergen;17;14;3072
MORSKATE AANDRIJVINGEN BV;Oosterveldsingel 47A;7558 PJ;Hengelo;17;14;3073
DASSEN LVH KRIMPEN BV;Noord 49 ;2931 SJ;Krimpen aan de Lek;17;14;3074
NOORD NEDERLANDSE DRAADINDUSTRIE BV;Holwerderweg 33;9101 PA;Dokkum;17;14;3075
INALFA ROOF SYSTEMS B.V.;De Amfoor 2;5807 GW;Venray;17;14;3083
TP-METAL BV;Brede Steeg 10;7041 GV;'s Heerenberg;17;14;3084
DRABBE BV;Gildeweg 4;2632 BA;Nootdorp;17;14;3085
METAALWARENFABRIEK UMEFA BV;Ambatchtsweg 17-19;3831 KA;Leusden;17;14;3086
PREMECO PRECISION TOOLING BV;Centaurusweg 95;5015 TC;Tilburg;17;14;3087
NUBE HYDRAULICS BV;Eerste Induasyrieweg 15;5451GV ;Mill;17;14;3095
TECHNOMARINE ENGINEERING B.V.;Stanleyweg 2;4462GN ;Goes;17;14;3096
WERKCON B.V.;Zuiuveringsweg 8;8243PZ ;Lelystad;17;14;3097
EMPAS HOGEDRUKSPUITEN B.V.;Kruisboog 43;3905 TE;Veenendaal;17;14;3098
HILLEBRAND STAALBOUW B.V.;Kleverskerkseweg 83;4338 PM;Middelburg;17;14;3102
PRIEMA CETRA B.V.;De nieuwe haven 10;7772 BC;Hardenberg;17;14;3103
ALRAF PLAATBEWERKING BV;Nomdenweg ;9561AM ;Ter Apel;17;14;3104
STAMETA BV;Weth Buitenhuisstraat 2;4951 SM;Staphorst;17;14;3114
FROMM NEDERLAND;;;Nieuwegein;17;14;3122
VERCOM INTERNATIONAL B.V.;Witte Paardweg 20;1521 PV;Wormerveer;17;14;3123
SURFAPROTEC;ZI Innopark - El AgbaBP73;2087;TUNIS;TUNISIA;12;1587
SOCIETE SWT - ASW3 AUTOLIV GROUP * AUTOLIV;Z. Ind. Ennadhour;1160;ZAGHOUAN;TUNISIA;12;2767
SOTUTRASM;avenue Hedi Chakerimmeuble Soritas Esc A 3° étage;3000;SFAX;TUNISIA;14;2764
COMPONENTA ORHANGAZI;Gölyolu n°26 16801;;ORHANGAZI BURSA;TURKEY;14;2440
CASTROL LTD.;;;;UNITED KINGDOM;14;144
AUTOMATED PACKAGING SYSTEMS;Enigma Business ParkSandy's Road;WR14 1JJ;Malvern;UNITED KINGDOM;14;1955